ConsultantID,FirstName,LastName,Email
1,Mic,Smewin,msmewin0@shutterfly.com
2,Mariam,MacWhirter,mmacwhirter1@bloomberg.com
3,Gerrard,Miller,gmiller2@smugmug.com
4,Sunshine,Adriano,sadriano3@cbslocal.com
5,Riccardo,Abells,rabells4@behance.net
6,Leland,Brigg,lbrigg5@vk.com
7,Paten,Rankin,prankin6@simplemachines.org
8,Birch,Pach,bpach7@buzzfeed.com
9,Barrett,Wildey,bwildey8@netvibes.com
10,Anabel,Twelvetree,atwelvetree9@ebay.co.uk
11,Burnaby,Polo,bpoloa@sfgate.com
12,Urbano,Laydon,ulaydonb@hexun.com
13,Myrle,Lyfe,mlyfec@admin.ch
14,Tremain,Vernazza,tvernazzad@theguardian.com
15,Gene,Spadoni,gspadonie@imageshack.us
16,Lisle,Winchcombe,lwinchcombef@fotki.com
17,Mike,Larmour,mlarmourg@google.pl
18,Diandra,Tookill,dtookillh@tripod.com
19,Raynor,Hibbart,rhibbarti@nature.com
20,Carmelle,O' Donohue,codonohuej@businesswire.com
21,Brig,Kembry,bkembryk@mail.ru
22,Catriona,Tomaini,ctomainil@furl.net
23,Terra,Moth,tmothm@i2i.jp
24,Milissent,Mellonby,mmellonbyn@cloudflare.com
25,Kacey,Cromley,kcromleyo@weather.com
26,Claudine,Rewcassell,crewcassellp@arstechnica.com
27,Hyatt,Armit,harmitq@fc2.com
28,Caryl,Issacov,cissacovr@netlog.com
29,Cindelyn,Castellet,ccastellets@odnoklassniki.ru
30,Dodie,Montague,dmontaguet@wufoo.com
31,Kimbra,Maudling,kmaudlingu@army.mil
32,Samaria,Bedingfield,sbedingfieldv@weather.com
33,Petronella,Ingreda,pingredaw@ucoz.com
34,Elysia,Sleith,esleithx@instagram.com
35,Shena,Bogies,sbogiesy@lycos.com
36,Samuele,Radborne,sradbornez@msn.com
37,Avigdor,Daddow,adaddow10@lulu.com
38,Paul,Kembry,pkembry11@multiply.com
39,Joana,Widdop,jwiddop12@webeden.co.uk
40,Shane,Rosenstengel,srosenstengel13@biglobe.ne.jp
41,Jerri,Pien,jpien14@telegraph.co.uk
42,Joachim,Pacey,jpacey15@hhs.gov
43,Vere,Broschke,vbroschke16@squidoo.com
44,Goraud,Carwardine,gcarwardine17@squarespace.com
45,Helen-elizabeth,Bischop,hbischop18@google.com.au
46,Woodrow,Enevold,wenevold19@flavors.me
47,Xena,Mansour,xmansour1a@youku.com
48,Frank,Prickett,fprickett1b@harvard.edu
49,Sylvia,Penkethman,spenkethman1c@free.fr
50,Currie,Myderscough,cmyderscough1d@linkedin.com
51,Babb,Ransom,bransom1e@networkadvertising.org
52,Juana,Youson,jyouson1f@sun.com
53,Marigold,Haselhurst,mhaselhurst1g@weather.com
54,Mahalia,Rysdale,mrysdale1h@symantec.com
55,Reynolds,Carmody,rcarmody1i@yellowpages.com
56,Nataniel,De Bell,ndebell1j@furl.net
57,Redd,Lapree,rlapree1k@aboutads.info
58,Georgie,Messingham,gmessingham1l@theglobeandmail.com
59,Evvie,Gillian,egillian1m@nsw.gov.au
60,Maison,Goldsack,mgoldsack1n@free.fr
61,Nani,Ales,nales1o@shutterfly.com
62,Romonda,Sketcher,rsketcher1p@foxnews.com
63,Dennison,Quinane,dquinane1q@spotify.com
64,Liva,Smithe,lsmithe1r@ucla.edu
65,Karissa,Beldom,kbeldom1s@wufoo.com
66,Abe,Jeayes,ajeayes1t@shutterfly.com
67,Osmund,Berzin,oberzin1u@hubpages.com
68,Spense,McPeeters,smcpeeters1v@sun.com
69,Florry,Spittle,fspittle1w@webs.com
70,Donetta,McCarle,dmccarle1x@friendfeed.com
71,Vance,Thomesson,vthomesson1y@woothemes.com
72,Dorothy,Clunan,dclunan1z@wp.com
73,Petronilla,Yeowell,pyeowell20@addthis.com
74,Leonore,Faltskog,lfaltskog21@google.co.jp
75,Reginald,Delea,rdelea22@noaa.gov
76,Petra,Pinnere,ppinnere23@google.ca
77,Coleen,Turbat,cturbat24@hubpages.com
78,Bank,Danniel,bdanniel25@squarespace.com
79,Alister,McGrotty,amcgrotty26@statcounter.com
80,Joya,Simmank,jsimmank27@shareasale.com
81,Hillel,Avrahm,havrahm28@admin.ch
82,Kessia,Eidler,keidler29@answers.com
83,Francoise,Soane,fsoane2a@yolasite.com
84,Shina,Kevane,skevane2b@chicagotribune.com
85,Cirstoforo,Hares,chares2c@ezinearticles.com
86,Althea,Gildea,agildea2d@unicef.org
87,Felecia,Barthrup,fbarthrup2e@bluehost.com
88,Stanley,Damato,sdamato2f@biblegateway.com
89,Christin,Acres,cacres2g@fema.gov
90,Miguel,Francesch,mfrancesch2h@yellowpages.com
91,Luisa,Pessel,lpessel2i@cnet.com
92,Madel,Gulliver,mgulliver2j@kickstarter.com
93,Baudoin,Losebie,blosebie2k@whitehouse.gov
94,Charlene,Rackam,crackam2l@huffingtonpost.com
95,Willard,Mattholie,wmattholie2m@abc.net.au
96,Ollie,Sprague,osprague2n@devhub.com
97,Hussein,Winson,hwinson2o@upenn.edu
98,Horatia,Harbar,hharbar2p@addthis.com
99,Sig,Giannassi,sgiannassi2q@gizmodo.com
100,Iver,Melior,imelior2r@amazon.co.jp
101,Fitzgerald,Yair,fyair2s@vkontakte.ru
102,Reynolds,Nellen,rnellen2t@i2i.jp
103,Johanna,MacAughtrie,jmacaughtrie2u@oakley.com
104,Chrysler,Paddon,cpaddon2v@google.com.au
105,Kerry,Minty,kminty2w@springer.com
106,Teddy,Joannic,tjoannic2x@fema.gov
107,Maryann,Furtado,mfurtado2y@cnet.com
108,Caralie,Letham,cletham2z@constantcontact.com
109,Carny,Vuitte,cvuitte30@wp.com
110,Brunhilda,Stert,bstert31@yellowbook.com
111,Maible,Hartlebury,mhartlebury32@godaddy.com
112,Cass,Lownes,clownes33@technorati.com
113,Norah,Nand,nnand34@goodreads.com
114,Arabela,Waddilove,awaddilove35@stumbleupon.com
115,Mellisa,Dener,mdener36@slate.com
116,Izaak,Ridd,iridd37@freewebs.com
117,Lem,Angerstein,langerstein38@moonfruit.com
118,Gray,Shearme,gshearme39@epa.gov
119,Barth,Rableau,brableau3a@gnu.org
120,Paddie,Colcomb,pcolcomb3b@over-blog.com
121,Lionel,Dionisetti,ldionisetti3c@arizona.edu
122,Dominique,Wehnerr,dwehnerr3d@nationalgeographic.com
123,Bronnie,Nevison,bnevison3e@cbc.ca
124,Fania,Porter,fporter3f@unicef.org
125,Katalin,Arch,karch3g@yellowbook.com
126,Christoph,Beyne,cbeyne3h@stanford.edu
127,Bruce,Whitland,bwhitland3i@google.com.hk
128,Gilbertina,Swancock,gswancock3j@tmall.com
129,Karalynn,Rouse,krouse3k@ox.ac.uk
130,Julietta,Fromant,jfromant3l@archive.org
131,Meara,Steven,msteven3m@altervista.org
132,Lorri,Skells,lskells3n@amazon.co.jp
133,Brennen,Kepe,bkepe3o@stumbleupon.com
134,Kathryne,Scargle,kscargle3p@army.mil
135,Bordy,Mamwell,bmamwell3q@disqus.com
136,Cathrin,Skellorne,cskellorne3r@constantcontact.com
137,Joyous,Gosson,jgosson3s@ftc.gov
138,Norrie,Morris,nmorris3t@amazon.co.jp
139,Friedrick,Bage,fbage3u@livejournal.com
140,Martie,Minihane,mminihane3v@wikimedia.org
141,Marya,Havesides,mhavesides3w@issuu.com
142,Claudia,Olifaunt,colifaunt3x@cdbaby.com
143,Raul,Ricco,rricco3y@youku.com
144,Brice,Ragbourne,bragbourne3z@tmall.com
145,Michele,Fairholme,mfairholme40@fema.gov
146,Itch,Waudby,iwaudby41@opensource.org
147,Clarette,Bartlett,cbartlett42@google.ca
148,Wenda,Bygraves,wbygraves43@webeden.co.uk
149,Elisha,Brennon,ebrennon44@networkadvertising.org
150,Rouvin,Pevreal,rpevreal45@skype.com
151,Leoline,Cudby,lcudby46@chicagotribune.com
152,Jewell,Baddeley,jbaddeley47@simplemachines.org
153,Peggy,Gunter,pgunter48@altervista.org
154,Averyl,Alves,aalves49@shareasale.com
155,Ravi,Servis,rservis4a@google.pl
156,Christos,Vigne,cvigne4b@patch.com
157,Mollie,Le Hucquet,mlehucquet4c@dailymotion.com
158,Chuck,Chaytor,cchaytor4d@liveinternet.ru
159,Drew,Notman,dnotman4e@thetimes.co.uk
160,Lolita,Rishbrook,lrishbrook4f@4shared.com
161,Torin,Garland,tgarland4g@omniture.com
162,Archambault,Goadsby,agoadsby4h@usgs.gov
163,Henrik,Szymonowicz,hszymonowicz4i@tinypic.com
164,Otto,Monroe,omonroe4j@ucoz.ru
165,Urbain,Radin,uradin4k@ning.com
166,Lizzy,Yardy,lyardy4l@ycombinator.com
167,Gregoor,Hubback,ghubback4m@scientificamerican.com
168,Lela,Farnie,lfarnie4n@europa.eu
169,Dominique,Kurt,dkurt4o@google.com
170,Loy,Urvoy,lurvoy4p@nymag.com
171,Norrie,Fossord,nfossord4q@statcounter.com
172,Waiter,Elacoate,welacoate4r@about.me
173,Julietta,Whitsun,jwhitsun4s@dedecms.com
174,Drud,Fowden,dfowden4t@hhs.gov
175,Collette,Densun,cdensun4u@smugmug.com
176,Shari,Bruyntjes,sbruyntjes4v@apple.com
177,Woodrow,Woodfine,wwoodfine4w@springer.com
178,Francois,Beveredge,fbeveredge4x@theatlantic.com
179,Cad,Freeborne,cfreeborne4y@nps.gov
180,Skell,Dougary,sdougary4z@omniture.com
181,Melva,Kinker,mkinker50@biblegateway.com
182,Patton,Asbury,pasbury51@edublogs.org
183,Tremayne,Wink,twink52@quantcast.com
184,Travers,Ponder,tponder53@fda.gov
185,Ingeberg,Gyorgy,igyorgy54@blog.com
186,Annabell,Kastel,akastel55@amazon.co.jp
187,Dolores,Powland,dpowland56@sun.com
188,Bliss,Rippin,brippin57@free.fr
189,Rooney,Harpin,rharpin58@sciencedaily.com
190,Amelita,Awcock,aawcock59@moonfruit.com
191,Chantalle,Bloss,cbloss5a@surveymonkey.com
192,Jillane,Silverthorne,jsilverthorne5b@ucoz.com
193,Sari,Kochel,skochel5c@deviantart.com
194,Davin,Vigne,dvigne5d@flavors.me
195,Elwyn,Skillman,eskillman5e@wikipedia.org
196,Jessie,Jore,jjore5f@people.com.cn
197,Nydia,Empson,nempson5g@craigslist.org
198,Kipp,Shellcross,kshellcross5h@canalblog.com
199,Jane,Arkin,jarkin5i@ucoz.com
200,Vin,Drioli,vdrioli5j@tripadvisor.com
201,Francis,Iddison,fiddison5k@chron.com
202,Raynell,Hayesman,rhayesman5l@360.cn
203,Laurianne,Cribbott,lcribbott5m@nbcnews.com
204,Lazarus,Rabjohn,lrabjohn5n@issuu.com
205,Freedman,Maggiori,fmaggiori5o@usatoday.com
206,Pate,Campkin,pcampkin5p@wired.com
207,Livvie,Holme,lholme5q@cbc.ca
208,Noland,de Clerc,ndeclerc5r@chron.com
209,Averill,Bernadzki,abernadzki5s@canalblog.com
210,Christalle,Routham,croutham5t@indiegogo.com
211,Lavinie,Beadnell,lbeadnell5u@com.com
212,Rozamond,Rosten,rrosten5v@cnbc.com
213,Gan,Yexley,gyexley5w@amazon.co.jp
214,De,Daspar,ddaspar5x@flavors.me
215,Rudolph,Ferriman,rferriman5y@networksolutions.com
216,Carlee,Sentance,csentance5z@studiopress.com
217,Antonius,Patrickson,apatrickson60@china.com.cn
218,Sylvan,Fernehough,sfernehough61@github.com
219,Chick,Vesco,cvesco62@hp.com
220,Luce,Spoole,lspoole63@wordpress.org
221,Aubrie,Rosborough,arosborough64@sciencedaily.com
222,Cynthy,Mildenhall,cmildenhall65@msu.edu
223,Johannah,Pendergrast,jpendergrast66@joomla.org
224,Karel,Chaim,kchaim67@mozilla.com
225,Gunar,Trinke,gtrinke68@quantcast.com
226,Zahara,Kohlert,zkohlert69@bluehost.com
227,Jackelyn,Dolden,jdolden6a@bloglovin.com
228,Silvano,Giorgetti,sgiorgetti6b@seattletimes.com
229,Bili,Whitehorn,bwhitehorn6c@rakuten.co.jp
230,Stillman,Algar,salgar6d@hhs.gov
231,Paulie,Manners,pmanners6e@reuters.com
232,Waylon,Barnard,wbarnard6f@parallels.com
233,Kean,Autry,kautry6g@shinystat.com
234,Bard,McGawn,bmcgawn6h@liveinternet.ru
235,Spenser,Paulou,spaulou6i@mtv.com
236,Michael,Hanigan,mhanigan6j@nytimes.com
237,Pearl,Janak,pjanak6k@google.pl
238,Ingamar,Gatus,igatus6l@eepurl.com
239,Lawton,Aspy,laspy6m@xinhuanet.com
240,Hubie,Ramage,hramage6n@sitemeter.com
241,Ester,Dziwisz,edziwisz6o@edublogs.org
242,Alessandra,Giroldo,agiroldo6p@apple.com
243,Kristo,Piddlehinton,kpiddlehinton6q@amazon.de
244,Oralia,Ulyatt,oulyatt6r@merriam-webster.com
245,Beauregard,Judge,bjudge6s@studiopress.com
246,Sheilah,Daal,sdaal6t@symantec.com
247,Arnoldo,Lanphier,alanphier6u@wsj.com
248,Crissie,Mayoh,cmayoh6v@blogtalkradio.com
249,Kippie,Prewer,kprewer6w@slashdot.org
250,Cherye,Bramble,cbramble6x@google.fr
251,Shalne,Derisley,sderisley6y@toplist.cz
252,Adria,Civitillo,acivitillo6z@nasa.gov
253,Agace,Sterte,asterte70@desdev.cn
254,Chrisy,Bercher,cbercher71@blogspot.com
255,Colin,Townson,ctownson72@un.org
256,Leonard,Besantie,lbesantie73@livejournal.com
257,Tillie,Scarlett,tscarlett74@ezinearticles.com
258,Vergil,MacAdie,vmacadie75@newyorker.com
259,Danica,Rediers,drediers76@scribd.com
260,Noel,Pisculli,npisculli77@weather.com
261,Sela,Castanone,scastanone78@artisteer.com
262,Fina,Manuely,fmanuely79@dedecms.com
263,Aila,O'Meara,aomeara7a@nationalgeographic.com
264,Morgan,Wheelhouse,mwheelhouse7b@sakura.ne.jp
265,Val,Terry,vterry7c@skype.com
266,Leone,Grahame,lgrahame7d@yellowbook.com
267,Easter,Casham,ecasham7e@csmonitor.com
268,Tabbatha,Yannoni,tyannoni7f@time.com
269,Cully,Rubinowitz,crubinowitz7g@jiathis.com
270,Catherina,Hassan,chassan7h@paginegialle.it
271,Kristel,Gadsby,kgadsby7i@mac.com
272,Lolly,Maple,lmaple7j@fema.gov
273,Mabel,Kinforth,mkinforth7k@edublogs.org
274,Fanechka,Chaulk,fchaulk7l@soundcloud.com
275,Cherye,Semaine,csemaine7m@imdb.com
276,Sianna,Caton,scaton7n@netlog.com
277,Claire,Stotherfield,cstotherfield7o@com.com
278,Laurie,Ducker,lducker7p@java.com
279,Ariel,Febre,afebre7q@zdnet.com
280,Ella,Kemme,ekemme7r@trellian.com
281,Cornie,Brydon,cbrydon7s@guardian.co.uk
282,Anatole,Mc Gaughey,amcgaughey7t@berkeley.edu
283,Dorena,Torrejon,dtorrejon7u@slashdot.org
284,Larina,Lattos,llattos7v@ibm.com
285,Christoffer,Crichton,ccrichton7w@geocities.com
286,Deina,Bwye,dbwye7x@cpanel.net
287,Monty,Satyford,msatyford7y@wunderground.com
288,Odilia,Nappin,onappin7z@buzzfeed.com
289,Sapphire,Maving,smaving80@indiegogo.com
290,Ellerey,Bradburn,ebradburn81@imdb.com
291,Allie,Delea,adelea82@behance.net
292,Micaela,Searsby,msearsby83@vinaora.com
293,Tamarah,Kleinstub,tkleinstub84@issuu.com
294,Rebeca,Astupenas,rastupenas85@xing.com
295,Chantalle,Balint,cbalint86@reddit.com
296,Herrick,Rraundl,hrraundl87@salon.com
297,Adolf,Beminster,abeminster88@qq.com
298,Gabie,Dowley,gdowley89@latimes.com
299,Ryley,Drohan,rdrohan8a@cnet.com
300,Alexi,Wroe,awroe8b@yahoo.com
301,Sanderson,Dradey,sdradey8c@wunderground.com
302,Graig,Hook,ghook8d@unesco.org
303,Karlens,Dakin,kdakin8e@globo.com
304,Minetta,Postle,mpostle8f@histats.com
305,Chryste,Ellwand,cellwand8g@trellian.com
306,Reinald,Yackiminie,ryackiminie8h@msn.com
307,Sabrina,Clute,sclute8i@samsung.com
308,Reggie,Baszniak,rbaszniak8j@chicagotribune.com
309,Ardella,Bing,abing8k@facebook.com
310,Hamlen,Maton,hmaton8l@sun.com
311,Julie,Messum,jmessum8m@hatena.ne.jp
312,Nadine,Jenson,njenson8n@nydailynews.com
313,Faina,Dickenson,fdickenson8o@barnesandnoble.com
314,Obed,Foote,ofoote8p@mail.ru
315,Leisha,Mallon,lmallon8q@pinterest.com
316,Chad,Hunston,chunston8r@springer.com
317,Zorah,Meritt,zmeritt8s@fotki.com
318,Roy,Cowl,rcowl8t@dmoz.org
319,Kelsey,Vennart,kvennart8u@4shared.com
320,Fara,Larking,flarking8v@vk.com
321,Norry,Tran,ntran8w@nhs.uk
322,Amby,Waycot,awaycot8x@apache.org
323,Jere,Gundrey,jgundrey8y@wikipedia.org
324,Nora,Trevarthen,ntrevarthen8z@yahoo.co.jp
325,Marlo,Gulliver,mgulliver90@tinypic.com
326,Bibi,Carryer,bcarryer91@ucoz.com
327,Wilhelmine,Unitt,wunitt92@csmonitor.com
328,Jorgan,Lealle,jlealle93@netvibes.com
329,Gilbertina,Koubek,gkoubek94@state.gov
330,Tod,Heintsch,theintsch95@un.org
331,Hedvige,Rude,hrude96@nbcnews.com
332,Terencio,Dennitts,tdennitts97@google.pl
333,Karna,Cofax,kcofax98@mysql.com
334,Maude,Lynock,mlynock99@usda.gov
335,Aksel,Redmore,aredmore9a@bluehost.com
336,Brand,Duggon,bduggon9b@de.vu
337,Leonie,Clayden,lclayden9c@columbia.edu
338,Simonne,Iverson,siverson9d@sitemeter.com
339,Renado,Bonnar,rbonnar9e@shop-pro.jp
340,Shalom,Shurlock,sshurlock9f@webnode.com
341,Althea,Cohn,acohn9g@harvard.edu
342,Jojo,Gargett,jgargett9h@wikimedia.org
343,Angelika,Hulance,ahulance9i@washington.edu
344,Brendan,Ricci,bricci9j@gnu.org
345,Karel,Teece,kteece9k@paginegialle.it
346,Lurlene,Hoonahan,lhoonahan9l@about.com
347,Anne-corinne,Garvey,agarvey9m@blogtalkradio.com
348,Chan,Privost,cprivost9n@dyndns.org
349,Gabrila,Ulyet,gulyet9o@dmoz.org
350,Flory,Cellone,fcellone9p@nature.com
351,Lin,Hornig,lhornig9q@washingtonpost.com
352,Fanny,Greeding,fgreeding9r@unesco.org
353,Xavier,Blazey,xblazey9s@histats.com
354,Lynn,Fannon,lfannon9t@yellowpages.com
355,Hetti,Clothier,hclothier9u@wp.com
356,Suellen,Kenwood,skenwood9v@bbc.co.uk
357,Valdemar,MacCaughan,vmaccaughan9w@yellowpages.com
358,Shaine,Hurll,shurll9x@unc.edu
359,Evita,Quilkin,equilkin9y@jigsy.com
360,Florinda,Gilders,fgilders9z@adobe.com
361,Davy,Grayer,dgrayera0@yellowpages.com
362,Henrik,Kelway,hkelwaya1@loc.gov
363,Alberta,Brownsell,abrownsella2@illinois.edu
364,Antonetta,Bridgwater,abridgwatera3@nydailynews.com
365,Lewiss,cornhill,lcornhilla4@columbia.edu
366,Erna,Drohane,edrohanea5@nhs.uk
367,Bibbie,Jelliman,bjellimana6@uol.com.br
368,Nickolas,Nowlan,nnowlana7@mysql.com
369,Paige,Jorgensen,pjorgensena8@pcworld.com
370,Engelbert,Ellick,eellicka9@chronoengine.com
371,Kelcie,Matyatin,kmatyatinaa@diigo.com
372,Lurette,Yeudall,lyeudallab@bloglovin.com
373,Joanie,Kirkbright,jkirkbrightac@nationalgeographic.com
374,Kissee,Derill,kderillad@livejournal.com
375,Sabrina,Child,schildae@angelfire.com
376,Jason,Redsell,jredsellaf@bloomberg.com
377,Shina,Lighton,slightonag@vimeo.com
378,Petronilla,Myrtle,pmyrtleah@imdb.com
379,Alexander,Sherwin,asherwinai@scribd.com
380,Lorena,Pirot,lpirotaj@bbc.co.uk
381,Carmine,Yokelman,cyokelmanak@berkeley.edu
382,Nealy,Lissemore,nlissemoreal@businessinsider.com
383,Vilhelmina,Twinborough,vtwinborougham@bbb.org
384,Bobby,Rowatt,browattan@linkedin.com
385,Louise,Aylott,laylottao@wp.com
386,Ariel,Huguet,ahuguetap@bloglines.com
387,Riley,McCrohon,rmccrohonaq@gov.uk
388,Shelley,Gavan,sgavanar@amazon.co.jp
389,Timothea,Mountlow,tmountlowas@de.vu
390,Beck,Huncote,bhuncoteat@liveinternet.ru
391,Rozelle,Pidler,rpidlerau@ameblo.jp
392,Aaren,Beake,abeakeav@businesswire.com
393,Jeannette,Orknay,jorknayaw@vistaprint.com
394,Alanson,Lytlle,alytlleax@mtv.com
395,Kristel,Latham,klathamay@hao123.com
396,Gerek,Sollett,gsollettaz@nih.gov
397,Petunia,Kryzhov,pkryzhovb0@wordpress.com
398,Tiler,Levesley,tlevesleyb1@cbc.ca
399,Shina,Bimson,sbimsonb2@bizjournals.com
400,Elna,Refford,ereffordb3@squidoo.com
