ConsultantID,FirstName,LastName,Email,T1_StartDate,T2_StartDate,T3_StartDate
1,Dana,Zamora,dzamora681@ise558.com,2016-01-28,2018-01-27,2020-01-27
2,Emily,Hernandez,ehernandez543@ise558.com,2016-03-28,2017-03-28,2020-03-27
3,Jeffrey,Luna,jluna296@ise558.com,2016-08-08,2017-08-08,
4,Dennis,Cunningham,dcunningham838@ise558.com,2015-04-06,2017-04-05,2019-04-05
5,Joseph,Velez,jvelez861@ise558.com,2015-01-06,2016-01-06,2019-01-05
6,Steven,Allen,sallen563@ise558.com,2018-05-02,2020-05-01,
7,Kristina,Smith,ksmith301@ise558.com,2020-03-12,,
8,Kenneth,Leonard,kleonard243@ise558.com,2016-06-17,2018-06-17,
9,Stephanie,Cantrell,scantrell538@ise558.com,2015-11-09,2016-11-08,2019-11-08
10,Amanda,Carr,acarr689@ise558.com,2018-06-27,2020-06-26,
11,Craig,Chung,cchung975@ise558.com,2017-06-01,2019-06-01,
12,Elizabeth,Howard,ehoward738@ise558.com,2017-05-27,2019-05-27,
13,Ann,Brown,abrown640@ise558.com,2017-10-29,,
14,Steven,Johnson,sjohnson482@ise558.com,2019-02-01,,
15,Donna,Morales,dmorales719@ise558.com,2019-11-11,2020-11-10,
16,Jeffrey,Phillips,jphillips746@ise558.com,2017-11-21,2019-11-21,
17,Cindy,Jones,cjones270@ise558.com,2020-02-29,,
18,Omar,Chandler,ochandler732@ise558.com,2020-12-21,,
19,Matthew,Manning,mmanning678@ise558.com,2020-02-27,,
20,Nancy,Ross,nross862@ise558.com,2019-03-28,,
21,Anne,Johnson,ajohnson422@ise558.com,2017-01-04,2019-01-04,
22,Amber,Williams,awilliams834@ise558.com,2020-02-11,,
23,Matthew,Ross,mross222@ise558.com,2018-09-20,2019-09-20,
24,Carrie,Hartman,chartman601@ise558.com,2018-11-19,2020-11-18,
25,Patricia,Nguyen,pnguyen601@ise558.com,2019-10-18,2020-10-17,
26,Katherine,Bruce,kbruce26@ise558.com,2017-09-28,2019-09-28,
27,Matthew,Riddle,mriddle969@ise558.com,2020-06-21,,
28,Frank,Flowers,fflowers336@ise558.com,2019-10-24,,
29,Richard,Richardson,rrichardson875@ise558.com,2018-04-02,2020-04-01,
30,Adam,Martinez,amartinez34@ise558.com,2016-11-20,,
31,Marvin,Williams,mwilliams150@ise558.com,2017-04-12,2018-04-12,
32,Daniel,Blair,dblair138@ise558.com,2015-04-19,2017-04-18,2019-04-18
33,Christopher,Cline,ccline124@ise558.com,2020-03-23,,
34,Eugene,Barber,ebarber2@ise558.com,2019-04-25,,
35,Dominique,Steele,dsteele951@ise558.com,2018-04-14,2020-04-13,
36,Amy,Smith,asmith888@ise558.com,2018-07-22,2019-07-22,
37,Megan,Jackson,mjackson232@ise558.com,2016-05-15,2018-05-15,
38,Carl,Johnson,cjohnson566@ise558.com,2015-07-11,,
39,Tina,Turner,tturner63@ise558.com,2020-09-27,,
40,Allen,Young,ayoung108@ise558.com,2018-05-02,2020-05-01,
41,Sean,Petty,spetty621@ise558.com,2017-10-22,2019-10-22,
42,William,Ortega,wortega46@ise558.com,2017-04-02,2019-04-02,
43,Sarah,Brown,sbrown860@ise558.com,2018-01-07,2020-01-07,
44,Dana,Miller,dmiller712@ise558.com,2019-01-15,,
45,Carl,Gonzalez,cgonzalez578@ise558.com,2016-05-16,2018-05-16,2020-05-15
46,Julie,Brown,jbrown289@ise558.com,2017-05-17,2019-05-17,
47,Elizabeth,Hamilton,ehamilton188@ise558.com,2019-01-08,2020-01-08,
48,Joshua,Nguyen,jnguyen503@ise558.com,2018-07-29,2019-07-29,
49,Chelsea,Taylor,ctaylor597@ise558.com,2020-05-24,,
50,Kevin,Lucas,klucas685@ise558.com,2020-02-20,,
51,Ronald,Neal,rneal251@ise558.com,2019-03-15,,
52,Kayla,Anderson,kanderson959@ise558.com,2017-05-24,2019-05-24,
53,Richard,Smith,rsmith203@ise558.com,2015-08-10,2017-08-09,2019-08-09
54,Amy,Kim,akim987@ise558.com,2017-02-23,,
55,Juan,Poole,jpoole332@ise558.com,2018-06-05,2020-06-04,
56,Jerry,Davis,jdavis643@ise558.com,2020-08-31,,
57,Eileen,Andrews,eandrews895@ise558.com,2018-01-23,2020-01-23,
58,Philip,Haynes,phaynes593@ise558.com,2015-01-15,,
59,Mary,Lynch,mlynch884@ise558.com,2015-01-23,2017-01-22,2019-01-22
60,Tiffany,Santiago,tsantiago491@ise558.com,2018-08-28,2019-08-28,
61,Stephanie,Perez,sperez924@ise558.com,2015-05-09,2017-05-08,2020-05-07
62,Ivan,Singh,isingh359@ise558.com,2020-10-15,,
63,Briana,Mcguire,bmcguire166@ise558.com,2020-04-04,,
64,William,Hill,whill295@ise558.com,2019-05-13,,
65,Hayley,Hernandez,hhernandez93@ise558.com,2017-11-11,2018-11-11,
66,Andrea,Lewis,alewis147@ise558.com,2015-04-18,2016-04-17,2018-04-17
67,Jean,Baker,jbaker256@ise558.com,2020-08-26,,
68,Timothy,Garcia,tgarcia574@ise558.com,2016-04-18,2018-04-18,2020-04-17
69,William,Sheppard,wsheppard780@ise558.com,2015-07-12,2017-07-11,2020-07-10
70,Mariah,Jones,mjones123@ise558.com,2015-05-24,2016-05-23,2018-05-23
71,Mason,Schultz,mschultz295@ise558.com,2016-10-07,2018-10-07,
72,Holly,Mckinney,hmckinney751@ise558.com,2017-09-27,2019-09-27,
73,Amanda,Pratt,apratt453@ise558.com,2020-02-02,,
74,Joel,Brown,jbrown412@ise558.com,2020-02-03,,
75,Mathew,Francis,mfrancis53@ise558.com,2020-12-18,,
76,Andrew,Miller,amiller159@ise558.com,2016-12-27,2017-12-27,2019-12-27
77,Jacqueline,Owens,jowens990@ise558.com,2018-12-07,2019-12-07,
78,Gary,Jones,gjones169@ise558.com,2019-11-22,2020-11-21,
79,Nathan,Williams,nwilliams422@ise558.com,2020-10-08,,
80,Ricky,Navarro,rnavarro188@ise558.com,2018-08-01,2019-08-01,
81,Julia,Daniels,jdaniels965@ise558.com,2018-05-02,2019-05-02,
82,Lisa,Brock,lbrock904@ise558.com,2020-02-02,,
83,Alyssa,Carter,acarter426@ise558.com,2015-05-21,2016-05-20,2019-05-20
84,Jessica,Anderson,janderson118@ise558.com,2017-06-18,2019-06-18,
85,Willie,Davis,wdavis888@ise558.com,2017-02-08,2019-02-08,
86,Jessica,Hubbard,jhubbard952@ise558.com,2015-06-20,2016-06-19,2019-06-19
87,John,Cochran,jcochran255@ise558.com,2017-01-19,2018-01-19,
88,Daniel,Ryan,dryan994@ise558.com,2020-10-12,,
89,Jeremiah,Valencia,jvalencia44@ise558.com,2017-01-25,2018-01-25,2020-01-25
90,Chris,Freeman,cfreeman684@ise558.com,2015-05-01,2017-04-30,2020-04-29
91,Michelle,Kramer,mkramer280@ise558.com,2015-05-18,2016-05-17,2018-05-17
92,Heidi,Cobb,hcobb547@ise558.com,2015-09-15,2017-09-14,2019-09-14
93,David,Hudson,dhudson671@ise558.com,2015-11-05,2016-11-04,
94,Jennifer,Johnson,jjohnson273@ise558.com,2020-10-21,,
95,Teresa,Shelton,tshelton673@ise558.com,2019-01-18,,
96,Charles,Phillips,cphillips58@ise558.com,2015-07-31,2017-07-30,2020-07-29
97,Nicole,Duran,nduran860@ise558.com,2019-10-08,2020-10-07,
98,Joe,Hughes,jhughes638@ise558.com,2019-03-13,2020-03-12,
99,Mary,Molina,mmolina397@ise558.com,2018-10-20,2020-10-19,
100,Jonathan,Todd,jtodd164@ise558.com,2015-05-15,2016-05-14,2019-05-14
101,Kathryn,Payne,kpayne183@ise558.com,2016-08-20,2017-08-20,2020-08-19
102,Brian,Stevens,bstevens621@ise558.com,2016-03-17,,
103,Emily,Vasquez,evasquez498@ise558.com,2020-08-23,,
104,Shannon,Rojas,srojas528@ise558.com,2015-03-27,,
105,Kathy,Lozano,klozano909@ise558.com,2017-09-26,2019-09-26,
106,Deanna,Schaefer,dschaefer620@ise558.com,2015-12-12,2016-12-11,2019-12-11
107,Matthew,Pittman,mpittman649@ise558.com,2020-08-02,,
108,Justin,Adams,jadams775@ise558.com,2016-08-09,2017-08-09,
109,Tammy,Harris,tharris785@ise558.com,2020-09-24,,
110,Betty,Gaines,bgaines207@ise558.com,2018-12-29,2020-12-28,
111,Madeline,Wilson,mwilson525@ise558.com,2015-12-31,2016-12-30,2018-12-30
112,Jacob,Best,jbest491@ise558.com,2017-07-20,2018-07-20,2020-07-19
113,Jonathan,Figueroa,jfigueroa760@ise558.com,2016-05-25,,
114,Brianna,Burgess,bburgess676@ise558.com,2018-10-16,2020-10-15,
115,Sarah,Saunders,ssaunders424@ise558.com,2017-10-25,2019-10-25,
116,Scott,Roberts,sroberts702@ise558.com,2020-09-22,,
117,Robert,Washington,rwashington75@ise558.com,2016-12-27,2017-12-27,
118,Christine,Fowler,cfowler842@ise558.com,2016-12-12,2018-12-12,2020-12-11
119,Tyler,Zamora,tzamora890@ise558.com,2015-05-01,2017-04-30,2020-04-29
120,Jennifer,Cook,jcook42@ise558.com,2015-05-16,2016-05-15,2018-05-15
121,Rebecca,Taylor,rtaylor861@ise558.com,2019-08-10,,
122,Emily,Ritter,eritter979@ise558.com,2017-02-01,2019-02-01,
123,Ashley,Aguilar,aaguilar66@ise558.com,2017-10-18,2018-10-18,
124,Jasmin,Ellison,jellison528@ise558.com,2017-06-17,2018-06-17,
125,Gloria,Johnston,gjohnston791@ise558.com,2017-08-18,2019-08-18,
126,Paul,Alvarez,palvarez272@ise558.com,2016-05-15,2018-05-15,
127,Robert,Taylor,rtaylor913@ise558.com,2018-05-25,,
128,Timothy,Holland,tholland112@ise558.com,2018-09-21,2019-09-21,
129,Edgar,Robinson,erobinson157@ise558.com,2020-09-29,,
130,Jennifer,Moses,jmoses79@ise558.com,2017-11-06,2019-11-06,
131,David,Coleman,dcoleman883@ise558.com,2019-04-17,,
132,Rebecca,Wood,rwood759@ise558.com,2020-07-03,,
133,Ashley,Larsen,alarsen786@ise558.com,2015-07-05,2017-07-04,2020-07-03
134,Tristan,Green,tgreen220@ise558.com,2015-02-01,2016-02-01,2018-01-31
135,Robert,Watson,rwatson965@ise558.com,2019-04-14,2020-04-13,
136,Rachel,Garza,rgarza821@ise558.com,2020-09-22,,
137,Jared,Fletcher,jfletcher843@ise558.com,2018-07-09,2020-07-08,
138,Ashley,Ho,aho299@ise558.com,2019-02-11,,
139,Kristie,Rodriguez,krodriguez46@ise558.com,2015-10-10,2017-10-09,2020-10-08
140,Melinda,Bauer,mbauer673@ise558.com,2018-02-16,2020-02-16,
141,Wayne,Russell,wrussell855@ise558.com,2015-09-17,2016-09-16,2019-09-16
142,Ryan,Willis,rwillis993@ise558.com,2020-06-20,,
143,Jane,Norris,jnorris665@ise558.com,2015-06-20,2016-06-19,2019-06-19
144,Colton,Daniels,cdaniels651@ise558.com,2016-10-01,2017-10-01,2020-09-30
145,Kathleen,Clark,kclark396@ise558.com,2018-08-04,2019-08-04,
146,Andrea,Hall,ahall131@ise558.com,2015-05-14,2016-05-13,
147,Brian,Phillips,bphillips970@ise558.com,2016-08-15,2017-08-15,2019-08-15
148,Raymond,Manning,rmanning582@ise558.com,2020-06-18,,
149,Troy,Wu,twu741@ise558.com,2019-05-27,,
150,Carolyn,Blackwell,cblackwell749@ise558.com,2015-04-20,2016-04-19,2018-04-19
151,Daniel,Hernandez,dhernandez291@ise558.com,2017-11-21,2018-11-21,2020-11-20
152,Mary,Harris,mharris366@ise558.com,2020-09-09,,
153,Anthony,Clark,aclark150@ise558.com,2020-11-11,,
154,Elizabeth,Smith,esmith569@ise558.com,2016-04-30,,
155,Shane,Pollard,spollard899@ise558.com,2020-08-26,,
156,Shannon,Carpenter,scarpenter582@ise558.com,2019-11-29,,
157,Debra,Long,dlong614@ise558.com,2020-05-11,,
158,Thomas,Smith,tsmith567@ise558.com,2015-06-13,,
159,Billy,Mullins,bmullins113@ise558.com,2018-10-01,2019-10-01,
160,Kelsey,Lopez,klopez917@ise558.com,2019-07-28,2020-07-27,
161,Cameron,Smith,csmith336@ise558.com,2019-01-08,,
162,Brett,Chung,bchung273@ise558.com,2017-08-16,2018-08-16,2020-08-15
163,Melissa,Schultz,mschultz112@ise558.com,2015-04-01,2016-03-31,2019-03-31
164,Christina,Valdez,cvaldez87@ise558.com,2017-06-15,2018-06-15,
165,Jesse,Ramirez,jramirez245@ise558.com,2019-06-23,2020-06-22,
166,Deanna,Jensen,djensen704@ise558.com,2015-10-05,2017-10-04,2019-10-04
167,Brian,King,bking453@ise558.com,2018-02-03,2020-02-03,
168,Amanda,Kramer,akramer999@ise558.com,2018-05-16,2020-05-15,
169,Benjamin,Winters,bwinters177@ise558.com,2016-02-28,2017-02-27,2019-02-27
170,Tina,Yoder,tyoder68@ise558.com,2015-10-08,2017-10-07,2020-10-06
171,Susan,Gilmore,sgilmore131@ise558.com,2018-11-22,2019-11-22,
172,Erik,Gonzalez,egonzalez998@ise558.com,2018-02-23,,
173,James,Johnson,jjohnson100@ise558.com,2018-06-16,2020-06-15,
174,Victor,Cole,vcole964@ise558.com,2020-04-22,,
175,Bryce,Hernandez,bhernandez219@ise558.com,2018-10-08,2019-10-08,
176,Ebony,Perry,eperry186@ise558.com,2018-07-09,2019-07-09,
177,Mindy,Mills,mmills49@ise558.com,2019-04-12,,
178,Kristen,Wilson,kwilson486@ise558.com,2015-08-03,2017-08-02,
179,Brett,Cox,bcox625@ise558.com,2015-02-03,2016-02-03,
180,John,Ramos,jramos926@ise558.com,2017-08-08,2018-08-08,2020-08-07
181,Robert,White,rwhite994@ise558.com,2019-04-25,,
182,Raymond,Jackson,rjackson493@ise558.com,2017-10-02,,
183,Mariah,Wyatt,mwyatt642@ise558.com,2017-09-01,2019-09-01,
184,Monica,Fields,mfields307@ise558.com,2018-10-06,2019-10-06,
185,Peter,Smith,psmith650@ise558.com,2018-04-19,,
186,David,Cunningham,dcunningham346@ise558.com,2017-10-21,2019-10-21,
187,Holly,Gonzalez,hgonzalez459@ise558.com,2018-01-11,2019-01-11,
188,Nicholas,Cruz,ncruz748@ise558.com,2017-03-13,2019-03-13,
189,Cameron,Ruiz,cruiz38@ise558.com,2020-05-08,,
190,Amber,Brown,abrown17@ise558.com,2016-03-21,2018-03-21,
191,Michael,Guzman,mguzman341@ise558.com,2016-10-04,2018-10-04,2020-10-03
192,Andrea,Stewart,astewart246@ise558.com,2015-09-08,2016-09-07,
193,Samantha,Barnes,sbarnes791@ise558.com,2017-05-28,2019-05-28,
194,Stephanie,Smith,ssmith778@ise558.com,2015-02-04,2016-02-04,2018-02-03
195,Amanda,Kim,akim563@ise558.com,2015-03-27,2017-03-26,2019-03-26
196,Jason,Martin,jmartin257@ise558.com,2019-04-09,,
197,Deborah,Curtis,dcurtis592@ise558.com,2017-07-06,2019-07-06,
198,Richard,Parker,rparker257@ise558.com,2018-09-20,2020-09-19,
199,Logan,Ferguson,lferguson921@ise558.com,2018-12-09,2020-12-08,
200,Thomas,Potter,tpotter821@ise558.com,2019-03-22,2020-03-21,
201,Andrew,Huynh,ahuynh484@ise558.com,2015-07-12,2016-07-11,2018-07-11
202,Kendra,Mcdaniel,kmcdaniel613@ise558.com,2020-03-14,,
203,Bethany,Hamilton,bhamilton526@ise558.com,2019-01-16,2020-01-16,
204,Rebecca,Fleming,rfleming201@ise558.com,2020-06-13,,
205,Kevin,Sampson,ksampson863@ise558.com,2017-05-04,2019-05-04,
206,Kurt,Moore,kmoore329@ise558.com,2020-07-11,,
207,Patricia,Jones,pjones388@ise558.com,2016-09-24,2018-09-24,2020-09-23
208,Thomas,Hernandez,thernandez250@ise558.com,2016-12-06,2017-12-06,2019-12-06
209,Raymond,Smith,rsmith960@ise558.com,2020-03-03,,
210,Kathryn,Johnson,kjohnson357@ise558.com,2015-01-29,2017-01-28,
211,Loretta,Flores,lflores772@ise558.com,2018-02-16,2020-02-16,
212,Jonathan,Fox,jfox961@ise558.com,2020-01-04,,
213,Thomas,Welch,twelch96@ise558.com,2016-12-12,2018-12-12,
214,Melissa,Bishop,mbishop179@ise558.com,2019-08-01,,
215,Alan,Donaldson,adonaldson825@ise558.com,2018-02-07,2020-02-07,
216,John,Simmons,jsimmons987@ise558.com,2018-08-07,,
217,Lisa,Murphy,lmurphy349@ise558.com,2017-06-17,2018-06-17,
218,Victor,Sanders,vsanders312@ise558.com,2015-10-21,2017-10-20,
219,Brandi,Scott,bscott849@ise558.com,2015-04-30,2017-04-29,
220,Lindsey,Gray,lgray762@ise558.com,2015-03-02,2016-03-01,2018-03-01
221,Scott,Fernandez,sfernandez975@ise558.com,2017-12-10,2019-12-10,
222,Jeffrey,Jones,jjones765@ise558.com,2018-12-08,,
223,Megan,Campbell,mcampbell236@ise558.com,2015-12-16,,
224,Larry,Jordan,ljordan993@ise558.com,2019-07-16,,
225,Mark,Anderson,manderson761@ise558.com,2018-01-24,2019-01-24,
226,Michelle,Wilson,mwilson215@ise558.com,2017-10-12,,
227,Monica,Jones,mjones589@ise558.com,2016-05-01,,
228,Maria,Swanson,mswanson124@ise558.com,2019-09-12,2020-09-11,
229,Raymond,Hays,rhays753@ise558.com,2020-10-01,,
230,Alejandro,Perez,aperez756@ise558.com,2015-02-18,2016-02-18,2019-02-17
231,Robert,Clark,rclark298@ise558.com,2016-08-20,2017-08-20,
232,Nicole,Moore,nmoore285@ise558.com,2020-09-06,,
233,Steve,Walker,swalker847@ise558.com,2020-05-07,,
234,Courtney,Vargas,cvargas764@ise558.com,2017-10-13,2019-10-13,
235,Matthew,Ramos,mramos255@ise558.com,2016-10-07,,
236,Lauren,Flores,lflores100@ise558.com,2019-03-12,,
237,Ronald,Cruz,rcruz36@ise558.com,2017-06-18,2019-06-18,
238,Leslie,Hodge,lhodge240@ise558.com,2020-12-13,,
239,Gary,Brown,gbrown535@ise558.com,2020-06-19,,
240,Barbara,Woods,bwoods893@ise558.com,2018-05-25,,
241,Edward,Washington,ewashington686@ise558.com,2019-06-20,,
242,Erik,Liu,eliu421@ise558.com,2015-12-10,2017-12-09,2019-12-09
243,Michelle,Johnson,mjohnson814@ise558.com,2018-09-01,2020-08-31,
244,Bobby,Beck,bbeck275@ise558.com,2019-01-31,2020-01-31,
245,Sandra,Long,slong456@ise558.com,2017-02-28,2019-02-28,
246,Charles,Perry,cperry732@ise558.com,2017-11-18,2019-11-18,
247,Stephanie,Klein,sklein786@ise558.com,2019-09-12,2020-09-11,
248,Janet,Hamilton,jhamilton239@ise558.com,2018-06-06,2019-06-06,
249,Deborah,Erickson,derickson320@ise558.com,2019-03-20,2020-03-19,
250,John,Hill,jhill895@ise558.com,2017-03-17,2018-03-17,2020-03-16
251,Patrick,Cross,pcross424@ise558.com,2015-04-17,2017-04-16,
252,Allison,Harrell,aharrell663@ise558.com,2016-11-12,2018-11-12,
253,Jody,Young,jyoung320@ise558.com,2018-11-11,2019-11-11,
254,Brenda,Morris,bmorris420@ise558.com,2016-03-20,2018-03-20,2020-03-19
255,Gail,Garcia,ggarcia691@ise558.com,2018-09-17,2019-09-17,
256,Ann,Baxter,abaxter75@ise558.com,2015-11-03,2017-11-02,2020-11-01
257,Stephen,Clay,sclay627@ise558.com,2017-09-07,,
258,Jeffrey,Hutchinson,jhutchinson288@ise558.com,2016-10-09,2017-10-09,
259,Melanie,Johnson,mjohnson927@ise558.com,2015-09-02,2017-09-01,
260,Zachary,Johnson,zjohnson364@ise558.com,2019-10-30,,
261,Gloria,Johnson,gjohnson921@ise558.com,2015-10-31,2016-10-30,2018-10-30
262,Jeanne,Kennedy,jkennedy792@ise558.com,2019-11-03,2020-11-02,
263,Lisa,Patterson,lpatterson90@ise558.com,2016-11-08,2018-11-08,
264,Richard,Caldwell,rcaldwell328@ise558.com,2017-07-03,2018-07-03,
265,Jason,Poole,jpoole383@ise558.com,2017-06-02,2019-06-02,
266,Franklin,Guerra,fguerra748@ise558.com,2015-08-18,2017-08-17,2019-08-17
267,Julie,Skinner,jskinner97@ise558.com,2018-07-17,2019-07-17,
268,Dustin,Cunningham,dcunningham567@ise558.com,2017-11-28,2018-11-28,2020-11-27
269,Brian,Gibson,bgibson499@ise558.com,2015-04-10,2017-04-09,
270,Michelle,Ortiz,mortiz943@ise558.com,2017-06-02,2018-06-02,2020-06-01
271,Daniel,Fisher,dfisher192@ise558.com,2020-10-18,,
272,Jeffrey,Robinson,jrobinson641@ise558.com,2016-07-30,2017-07-30,
273,Daniel,Werner,dwerner814@ise558.com,2020-06-18,,
274,Amy,Sanders,asanders828@ise558.com,2020-08-30,,
275,Christina,Brown,cbrown126@ise558.com,2019-07-03,,
276,Martin,Freeman,mfreeman284@ise558.com,2019-04-08,2020-04-07,
277,Charles,Martinez,cmartinez255@ise558.com,2020-05-14,,
278,Jennifer,Nelson,jnelson272@ise558.com,2015-06-13,2016-06-12,
279,Johnny,Clay,jclay614@ise558.com,2015-05-03,,
280,Robert,Hernandez,rhernandez362@ise558.com,2016-11-25,2017-11-25,2020-11-24
281,Shelley,White,swhite568@ise558.com,2017-08-02,2019-08-02,
282,Matthew,Lynch,mlynch40@ise558.com,2015-12-25,2017-12-24,2020-12-23
283,Michael,Miller,mmiller339@ise558.com,2020-02-19,,
284,Barry,Dalton,bdalton856@ise558.com,2018-08-08,2019-08-08,
285,Samuel,Patterson,spatterson203@ise558.com,2019-09-30,,
286,Stephanie,Morris,smorris749@ise558.com,2015-12-29,,
287,Allison,Warren,awarren953@ise558.com,2015-05-31,2016-05-30,2019-05-30
288,Marilyn,Davis,mdavis960@ise558.com,2020-06-08,,
289,Amber,Lopez,alopez69@ise558.com,2016-08-20,2018-08-20,
290,Angela,Glover,aglover567@ise558.com,2015-02-18,,
291,Diane,Carlson,dcarlson392@ise558.com,2017-08-06,,
292,Timothy,Smith,tsmith797@ise558.com,2019-04-10,,
293,Carrie,Castro,ccastro104@ise558.com,2020-11-04,,
294,John,Rice,jrice566@ise558.com,2017-03-11,,
295,Jeffery,Jenkins,jjenkins933@ise558.com,2018-07-11,2019-07-11,
296,Christine,Barber,cbarber505@ise558.com,2017-03-22,2019-03-22,
297,Kristen,Thomas,kthomas274@ise558.com,2016-01-19,2018-01-18,
298,Devin,Kennedy,dkennedy904@ise558.com,2019-12-07,2020-12-06,
299,Virginia,Mullins,vmullins187@ise558.com,2018-03-11,2020-03-10,
300,Jose,Colon,jcolon238@ise558.com,2019-05-07,,
301,David,Mckay,dmckay918@ise558.com,2019-05-20,2020-05-19,
302,Jesus,Clark,jclark961@ise558.com,2020-02-07,,
303,Michael,Flores,mflores571@ise558.com,2019-09-04,,
304,Vanessa,Meadows,vmeadows750@ise558.com,2017-09-24,2018-09-24,2020-09-23
305,Susan,Perez,sperez670@ise558.com,2020-12-24,,
306,Kristen,Smith,ksmith575@ise558.com,2020-12-04,,
307,David,Davis,ddavis310@ise558.com,2015-02-15,2016-02-15,2019-02-14
308,Amanda,Walker,awalker119@ise558.com,2016-09-14,2018-09-14,
309,David,Mcfarland,dmcfarland314@ise558.com,2020-07-28,,
310,Joseph,Daniel,jdaniel442@ise558.com,2016-01-06,2017-01-05,2020-01-05
311,Paul,Wilson,pwilson491@ise558.com,2017-09-29,2018-09-29,
312,April,Smith,asmith481@ise558.com,2020-09-02,,
313,Grace,Williams,gwilliams394@ise558.com,2019-02-13,2020-02-13,
314,John,Juarez,jjuarez604@ise558.com,2018-01-04,2019-01-04,
315,Jennifer,Lawson,jlawson522@ise558.com,2018-05-16,2020-05-15,
316,Sherri,Diaz,sdiaz132@ise558.com,2018-03-04,2019-03-04,
317,Keith,Johnson,kjohnson315@ise558.com,2020-11-10,,
318,Sheila,Colon,scolon400@ise558.com,2015-12-01,2016-11-30,2019-11-30
319,Colin,Garcia,cgarcia631@ise558.com,2019-12-31,2020-12-30,
320,Anna,Young,ayoung577@ise558.com,2016-07-04,,
321,Paul,Waller,pwaller870@ise558.com,2019-07-05,2020-07-04,
322,Elizabeth,Schultz,eschultz272@ise558.com,2016-01-20,2018-01-19,2020-01-19
323,Amy,Murphy,amurphy579@ise558.com,2018-07-19,2019-07-19,
324,Karen,Davis,kdavis189@ise558.com,2019-11-04,,
325,John,Pearson,jpearson92@ise558.com,2020-12-12,,
326,Mary,Robinson,mrobinson236@ise558.com,2018-12-29,2020-12-28,
327,Scott,Peterson,speterson945@ise558.com,2017-01-09,2018-01-09,2020-01-09
328,Kenneth,Rodriguez,krodriguez269@ise558.com,2018-05-15,2020-05-14,
329,Richard,Anderson,randerson986@ise558.com,2018-01-14,2019-01-14,
330,Caitlin,White,cwhite626@ise558.com,2016-01-31,2017-01-30,2019-01-30
331,Elizabeth,Wilkinson,ewilkinson727@ise558.com,2020-02-22,,
332,Kathleen,Bradley,kbradley618@ise558.com,2020-10-04,,
333,Timothy,Fisher,tfisher731@ise558.com,2020-08-19,,
334,Chris,Alvarez,calvarez712@ise558.com,2018-04-18,,
335,Robert,Gomez,rgomez460@ise558.com,2019-01-31,2020-01-31,
336,Alexis,Chambers,achambers59@ise558.com,2017-04-09,2019-04-09,
337,Jennifer,Fuller,jfuller194@ise558.com,2020-08-08,,
338,Joseph,Hubbard,jhubbard166@ise558.com,2018-01-18,2020-01-18,
339,Jeffrey,Jones,jjones458@ise558.com,2019-04-14,2020-04-13,
340,Benjamin,Friedman,bfriedman581@ise558.com,2015-02-11,2017-02-10,
341,Joshua,Cardenas,jcardenas302@ise558.com,2020-06-01,,
342,Bonnie,Welch,bwelch289@ise558.com,2017-06-18,2018-06-18,2020-06-17
343,John,Harrison,jharrison226@ise558.com,2020-12-14,,
344,Matthew,Burnett,mburnett665@ise558.com,2017-01-30,2019-01-30,
345,David,Torres,dtorres505@ise558.com,2016-09-03,,
346,Angela,Strong,astrong278@ise558.com,2017-10-13,2018-10-13,
347,Elizabeth,Hampton,ehampton400@ise558.com,2019-09-06,,
348,Eric,Webster,ewebster723@ise558.com,2018-05-02,2019-05-02,
349,Rebecca,Garcia,rgarcia496@ise558.com,2016-10-19,2017-10-19,2019-10-19
350,Veronica,Figueroa,vfigueroa593@ise558.com,2017-05-19,2019-05-19,
351,Michael,Jones,mjones314@ise558.com,2019-11-17,2020-11-16,
352,Darlene,Newton,dnewton51@ise558.com,2020-02-01,,
353,Roger,Morris,rmorris861@ise558.com,2015-10-08,,
354,Julia,Tyler,jtyler308@ise558.com,2018-06-23,2019-06-23,
355,Randy,Riley,rriley298@ise558.com,2020-07-02,,
356,Patrick,Jackson,pjackson234@ise558.com,2017-04-29,2018-04-29,2020-04-28
357,Luke,Harrison,lharrison149@ise558.com,2018-01-04,2020-01-04,
358,Samantha,Pierce,spierce417@ise558.com,2017-03-05,2018-03-05,
359,Barbara,Miller,bmiller324@ise558.com,2017-02-26,2019-02-26,
360,Sophia,Avery,savery334@ise558.com,2017-05-17,,
361,Brandon,Yates,byates242@ise558.com,2019-12-01,,
362,Jennifer,Miranda,jmiranda779@ise558.com,2016-07-15,2017-07-15,2020-07-14
363,Teresa,Wells,twells993@ise558.com,2020-12-17,,
364,Melissa,Martinez,mmartinez732@ise558.com,2020-11-02,,
365,Justin,Ross,jross568@ise558.com,2019-05-01,2020-04-30,
366,Logan,Miller,lmiller284@ise558.com,2017-04-18,2019-04-18,
367,Kevin,Phillips,kphillips531@ise558.com,2020-12-23,,
368,Bruce,Martin,bmartin608@ise558.com,2020-07-16,,
369,Sharon,Smith,ssmith744@ise558.com,2020-12-19,,
370,Thomas,Fernandez,tfernandez690@ise558.com,2015-07-24,2017-07-23,
371,Jeffrey,Liu,jliu399@ise558.com,2020-02-09,,
372,Michael,Davidson,mdavidson683@ise558.com,2019-05-31,,
373,Michael,Howell,mhowell151@ise558.com,2018-04-03,2020-04-02,
374,Randy,Bentley,rbentley382@ise558.com,2017-03-23,2018-03-23,
375,Michael,Daugherty,mdaugherty55@ise558.com,2020-06-25,,
376,Julie,Williams,jwilliams228@ise558.com,2019-01-18,,
377,Eric,Rice,erice650@ise558.com,2015-01-31,,
378,Melissa,Cox,mcox743@ise558.com,2020-04-04,,
379,Samantha,Hines,shines975@ise558.com,2017-08-04,2018-08-04,
380,Jennifer,Perkins,jperkins635@ise558.com,2015-11-10,,
381,Shannon,Mendez,smendez143@ise558.com,2019-11-24,,
382,Tina,Adams,tadams418@ise558.com,2020-02-25,,
383,Nathan,Collier,ncollier85@ise558.com,2020-03-02,,
384,Barbara,Mckee,bmckee491@ise558.com,2020-03-28,,
385,Melissa,Perez,mperez644@ise558.com,2019-10-31,2020-10-30,
386,Walter,Carrillo,wcarrillo362@ise558.com,2015-07-16,2017-07-15,
387,Jeremy,Scott,jscott239@ise558.com,2016-11-10,2017-11-10,2019-11-10
388,Steven,Holmes,sholmes744@ise558.com,2019-11-05,2020-11-04,
389,Wendy,Wright,wwright488@ise558.com,2019-12-01,,
390,Brandon,Rogers,brogers941@ise558.com,2016-01-27,2017-01-26,2019-01-26
391,Katie,Garcia,kgarcia532@ise558.com,2020-03-25,,
392,Mary,Pittman,mpittman320@ise558.com,2016-11-12,,
393,Stephen,Morris,smorris70@ise558.com,2019-01-14,,
394,Joel,Clark,jclark56@ise558.com,2016-06-16,2017-06-16,
395,Ann,Anderson,aanderson358@ise558.com,2018-01-12,2019-01-12,
396,Caitlyn,West,cwest321@ise558.com,2019-07-04,,
397,Danielle,Johnson,djohnson888@ise558.com,2020-02-05,,
398,Nicholas,Graves,ngraves285@ise558.com,2017-03-09,2019-03-09,
399,Brittney,Mitchell,bmitchell750@ise558.com,2020-05-22,,
400,Samantha,Jackson,sjackson904@ise558.com,2018-09-04,2020-09-03,
401,Michael,Lynch,mlynch369@ise558.com,2015-09-30,2017-09-29,2019-09-29
402,Dawn,Douglas,ddouglas779@ise558.com,2015-09-27,2016-09-26,2018-09-26
403,Sarah,Massey,smassey610@ise558.com,2018-02-11,2020-02-11,
404,Paul,Williams,pwilliams62@ise558.com,2020-02-23,,
405,Tabitha,Henry,thenry643@ise558.com,2018-10-30,2019-10-30,
406,Carl,Hart,chart518@ise558.com,2015-05-16,,
407,John,Huffman,jhuffman374@ise558.com,2020-12-26,,
408,Kerri,Bell,kbell847@ise558.com,2019-05-14,2020-05-13,
409,Jose,Weber,jweber709@ise558.com,2016-04-27,,
410,Bryan,Scott,bscott787@ise558.com,2020-04-20,,
411,Sara,Hickman,shickman360@ise558.com,2018-10-20,2020-10-19,
412,Richard,Ross,rross712@ise558.com,2020-11-26,,
413,Aimee,Gilbert,agilbert949@ise558.com,2017-10-17,2019-10-17,
414,Samantha,Sanchez,ssanchez666@ise558.com,2018-02-03,,
415,Michael,Patterson,mpatterson881@ise558.com,2020-10-23,,
416,Andrew,Brooks,abrooks563@ise558.com,2019-03-01,2020-02-29,
417,Carl,Benson,cbenson279@ise558.com,2015-10-10,2017-10-09,
418,John,Hess,jhess59@ise558.com,2020-11-21,,
419,Sarah,Melton,smelton605@ise558.com,2019-08-26,2020-08-25,
420,Lori,Ray,lray796@ise558.com,2018-03-03,2020-03-02,
421,Angela,Warner,awarner538@ise558.com,2020-02-18,,
422,Isaiah,Huff,ihuff79@ise558.com,2020-05-16,,
423,Mary,Miller,mmiller727@ise558.com,2019-05-09,2020-05-08,
424,Stephen,Christian,schristian197@ise558.com,2020-12-05,,
425,Melissa,Patel,mpatel180@ise558.com,2019-09-18,2020-09-17,
426,Amanda,Fuller,afuller213@ise558.com,2020-10-30,,
427,Johnny,Reilly,jreilly306@ise558.com,2018-12-18,2019-12-18,
428,Jamie,Martinez,jmartinez606@ise558.com,2019-06-10,,
429,Alan,Love,alove552@ise558.com,2019-08-15,2020-08-14,
430,Christina,Cobb,ccobb552@ise558.com,2015-03-18,,
431,Donald,Gutierrez,dgutierrez551@ise558.com,2020-08-24,,
432,Jeremiah,Webb,jwebb983@ise558.com,2019-12-12,,
433,Heidi,Davis,hdavis266@ise558.com,2017-04-23,2019-04-23,
434,Sean,Bender,sbender78@ise558.com,2016-03-01,,
435,William,Tapia,wtapia269@ise558.com,2015-12-04,2016-12-03,2019-12-03
436,Jason,Fuller,jfuller325@ise558.com,2017-09-03,2019-09-03,
437,Kristina,Hernandez,khernandez565@ise558.com,2020-07-10,,
438,Angel,Perkins,aperkins470@ise558.com,2020-01-15,,
439,Sabrina,Walker,swalker406@ise558.com,2018-03-04,2019-03-04,
440,Kristen,Lloyd,klloyd83@ise558.com,2016-10-24,2018-10-24,
441,Amanda,Thomas,athomas932@ise558.com,2019-07-02,,
442,Christopher,Berg,cberg915@ise558.com,2015-05-21,,
443,Amanda,Johnson,ajohnson823@ise558.com,2018-03-02,2020-03-01,
444,Robin,Jordan,rjordan565@ise558.com,2015-07-21,2016-07-20,
445,Barbara,Wright,bwright950@ise558.com,2017-02-17,2019-02-17,
446,Maria,Eaton,meaton431@ise558.com,2017-03-18,2019-03-18,
447,Wendy,Thomas,wthomas29@ise558.com,2018-09-14,2019-09-14,
448,Andrew,Rosario,arosario421@ise558.com,2017-09-12,2019-09-12,
449,Savannah,Sutton,ssutton348@ise558.com,2020-08-31,,
450,Emily,Lewis,elewis551@ise558.com,2017-11-29,,
451,Elizabeth,Stone,estone815@ise558.com,2017-03-19,2019-03-19,
452,Jose,Benson,jbenson111@ise558.com,2020-01-30,,
453,Dennis,Wilson,dwilson553@ise558.com,2015-07-26,2016-07-25,2019-07-25
454,Mark,Evans,mevans551@ise558.com,2016-09-18,2017-09-18,2020-09-17
455,Nicholas,Hughes,nhughes416@ise558.com,2018-11-17,2019-11-17,
456,Diane,Strickland,dstrickland477@ise558.com,2020-08-08,,
457,Sheila,Camacho,scamacho143@ise558.com,2018-04-06,,
458,Shawn,Adams,sadams201@ise558.com,2019-06-21,2020-06-20,
459,Nicole,Pittman,npittman974@ise558.com,2018-10-11,,
460,Susan,Lewis,slewis350@ise558.com,2018-08-18,2020-08-17,
461,Sarah,Hutchinson,shutchinson986@ise558.com,2020-11-08,,
462,James,Walsh,jwalsh242@ise558.com,2015-08-17,2017-08-16,2019-08-16
463,Anthony,Burnett,aburnett114@ise558.com,2017-01-15,2018-01-15,2020-01-15
464,Alexander,Escobar,aescobar66@ise558.com,2016-05-02,2017-05-02,
465,Cassandra,Logan,clogan361@ise558.com,2019-09-05,,
466,Tracy,Wheeler,twheeler539@ise558.com,2017-05-28,2019-05-28,
467,Katie,Williams,kwilliams240@ise558.com,2017-01-10,,
468,Michael,Holt,mholt900@ise558.com,2018-10-08,2020-10-07,
469,Jason,Washington,jwashington305@ise558.com,2019-07-28,,
470,Joshua,Shah,jshah904@ise558.com,2020-09-18,,
471,Justin,Key,jkey872@ise558.com,2020-01-29,,
472,Calvin,Smith,csmith559@ise558.com,2019-08-11,2020-08-10,
473,Melissa,Wise,mwise654@ise558.com,2015-07-22,2017-07-21,2019-07-21
474,Loretta,Torres,ltorres444@ise558.com,2019-07-02,,
475,Ashley,Anderson,aanderson590@ise558.com,2017-08-11,2019-08-11,
476,Daniel,Armstrong,darmstrong859@ise558.com,2015-10-10,2017-10-09,
477,Kenneth,Young,kyoung763@ise558.com,2016-02-03,2018-02-02,2020-02-02
478,Randy,Parker,rparker522@ise558.com,2020-03-06,,
479,Jose,Oneill,joneill298@ise558.com,2015-09-08,2016-09-07,
480,Michael,May,mmay45@ise558.com,2015-10-30,2016-10-29,2019-10-29
481,Stephanie,Ruiz,sruiz246@ise558.com,2020-02-20,,
482,Erica,Murphy,emurphy931@ise558.com,2018-12-05,2019-12-05,
483,Brian,Hicks,bhicks779@ise558.com,2020-01-29,,
484,Kevin,Rodriguez,krodriguez721@ise558.com,2016-07-02,2017-07-02,2020-07-01
485,Sarah,Trevino,strevino423@ise558.com,2017-10-24,,
486,Leslie,Erickson,lerickson392@ise558.com,2016-12-04,2018-12-04,2020-12-03
487,Bonnie,Turner,bturner966@ise558.com,2019-01-02,2020-01-02,
488,Bradley,Greene,bgreene789@ise558.com,2015-04-10,2016-04-09,2018-04-09
489,Adam,Rose,arose831@ise558.com,2017-10-12,2019-10-12,
490,Kevin,Moore,kmoore604@ise558.com,2015-07-04,,
491,Elizabeth,Smith,esmith205@ise558.com,2015-06-15,2017-06-14,2019-06-14
492,Robin,Coleman,rcoleman703@ise558.com,2016-11-23,2017-11-23,2020-11-22
493,Roger,Petty,rpetty125@ise558.com,2020-07-18,,
494,Kimberly,Montoya,kmontoya635@ise558.com,2019-02-19,2020-02-19,
495,James,Stokes,jstokes201@ise558.com,2017-12-29,2018-12-29,
496,Sean,Allen,sallen456@ise558.com,2015-01-04,2016-01-04,2018-01-03
497,Mary,Price,mprice134@ise558.com,2017-06-28,,
498,Alec,Giles,agiles476@ise558.com,2015-09-30,2017-09-29,2019-09-29
499,Brian,Howard,bhoward905@ise558.com,2017-05-24,2019-05-24,
500,Joshua,Cochran,jcochran708@ise558.com,2016-08-28,2018-08-28,2020-08-27
501,Lydia,Rich,lrich308@ise558.com,2017-04-11,2019-04-11,
502,James,Steele,jsteele392@ise558.com,2015-03-17,2016-03-16,2018-03-16
503,Todd,Woods,twoods478@ise558.com,2019-01-05,2020-01-05,
504,Alyssa,Morris,amorris628@ise558.com,2016-01-17,,
505,Matthew,Smith,msmith655@ise558.com,2015-10-01,2016-09-30,2018-09-30
506,Angela,Little,alittle246@ise558.com,2015-01-14,2016-01-14,2018-01-13
507,Jennifer,Wilson,jwilson987@ise558.com,2016-12-03,2018-12-03,
508,Randy,Nelson,rnelson552@ise558.com,2019-08-28,2020-08-27,
509,William,White,wwhite997@ise558.com,2018-03-08,2019-03-08,
510,Michelle,Chaney,mchaney545@ise558.com,2017-02-28,2018-02-28,2020-02-28
511,Frank,Larson,flarson265@ise558.com,2019-11-02,,
512,Jamie,Cantu,jcantu733@ise558.com,2020-08-30,,
513,Andre,Edwards,aedwards698@ise558.com,2017-08-31,,
514,Kevin,Snyder,ksnyder873@ise558.com,2015-12-23,,
515,Chelsea,Zhang,czhang36@ise558.com,2016-03-28,,
516,Alexandra,Cox,acox600@ise558.com,2017-09-23,2019-09-23,
517,Justin,West,jwest785@ise558.com,2020-05-18,,
518,Bethany,Arnold,barnold164@ise558.com,2020-11-21,,
519,Elizabeth,Vargas,evargas337@ise558.com,2018-03-07,,
520,Johnny,Brown,jbrown43@ise558.com,2019-09-01,2020-08-31,
521,Teresa,Smith,tsmith463@ise558.com,2015-02-20,2016-02-20,2019-02-19
522,Kevin,Jordan,kjordan435@ise558.com,2016-09-12,2017-09-12,2020-09-11
523,Jay,Kennedy,jkennedy864@ise558.com,2018-12-11,2020-12-10,
524,Andrew,Butler,abutler131@ise558.com,2018-10-19,2019-10-19,
525,Julian,Crawford,jcrawford175@ise558.com,2018-04-22,,
526,Daniel,Diaz,ddiaz896@ise558.com,2016-03-19,,
527,Danielle,Bates,dbates357@ise558.com,2019-04-04,,
528,Andrew,Davis,adavis406@ise558.com,2015-08-18,2017-08-17,2019-08-17
529,Shelby,Johnson,sjohnson574@ise558.com,2020-11-05,,
530,George,Blackwell,gblackwell197@ise558.com,2017-10-14,2018-10-14,
531,Jacob,Conley,jconley344@ise558.com,2016-10-28,,
532,Ryan,Wright,rwright559@ise558.com,2020-02-03,,
533,Debra,Smith,dsmith641@ise558.com,2019-07-30,2020-07-29,
534,Scott,Smith,ssmith540@ise558.com,2016-09-22,,
535,Arthur,Hays,ahays65@ise558.com,2016-12-06,2018-12-06,2020-12-05
536,Carlos,Townsend,ctownsend646@ise558.com,2016-10-08,2017-10-08,2019-10-08
537,Thomas,Mills,tmills662@ise558.com,2015-01-12,2017-01-11,
538,James,Arellano,jarellano921@ise558.com,2018-09-08,2020-09-07,
539,Sandra,Dyer,sdyer691@ise558.com,2018-03-16,,
540,Gregory,Mitchell,gmitchell475@ise558.com,2017-10-24,2019-10-24,
541,Jade,Howe,jhowe404@ise558.com,2020-12-06,,
542,Gordon,Green,ggreen12@ise558.com,2018-07-14,,
543,Johnny,May,jmay259@ise558.com,2017-10-17,2018-10-17,2020-10-16
544,Daniel,Butler,dbutler585@ise558.com,2015-12-31,2017-12-30,2020-12-29
545,Brenda,Moore,bmoore80@ise558.com,2018-12-27,,
546,Charles,Munoz,cmunoz368@ise558.com,2019-03-17,2020-03-16,
547,Crystal,Barker,cbarker587@ise558.com,2020-09-06,,
548,Timothy,Rivera,trivera675@ise558.com,2016-05-23,2018-05-23,
549,Shelby,Boyd,sboyd938@ise558.com,2018-03-28,2020-03-27,
550,Ryan,Moore,rmoore800@ise558.com,2020-10-09,,
551,Heather,Jackson,hjackson993@ise558.com,2015-03-13,2016-03-12,2019-03-12
552,Henry,Horne,hhorne319@ise558.com,2020-11-13,,
553,Matthew,Ortiz,mortiz725@ise558.com,2016-04-22,2017-04-22,2020-04-21
554,Sara,Robinson,srobinson145@ise558.com,2015-03-18,2016-03-17,
555,Anne,Zuniga,azuniga702@ise558.com,2019-10-03,2020-10-02,
556,William,Allen,wallen795@ise558.com,2015-06-19,2017-06-18,2020-06-17
557,Andrew,Palmer,apalmer52@ise558.com,2018-09-21,2019-09-21,
558,Kimberly,Herman,kherman907@ise558.com,2018-02-19,2020-02-19,
559,April,Williams,awilliams634@ise558.com,2016-10-22,2018-10-22,2020-10-21
560,Aaron,Williams,awilliams956@ise558.com,2016-12-07,2017-12-07,2020-12-06
561,John,Smith,jsmith370@ise558.com,2020-06-01,,
562,Douglas,Rogers,drogers698@ise558.com,2018-11-08,2020-11-07,
563,Brandon,Lamb,blamb557@ise558.com,2016-03-22,2018-03-22,
564,Kimberly,Ramirez,kramirez971@ise558.com,2020-03-19,,
565,Chelsea,West,cwest935@ise558.com,2018-01-27,2019-01-27,
566,Joshua,Collins,jcollins181@ise558.com,2020-08-11,,
567,Todd,Davis,tdavis30@ise558.com,2018-07-16,2020-07-15,
568,Laura,Smith,lsmith96@ise558.com,2017-12-08,2019-12-08,
569,Lisa,Erickson,lerickson489@ise558.com,2018-08-22,2019-08-22,
570,Zachary,May,zmay264@ise558.com,2015-04-18,2016-04-17,2018-04-17
571,Cynthia,Thomas,cthomas949@ise558.com,2017-07-18,2018-07-18,
572,Kathryn,Short,kshort409@ise558.com,2016-09-12,,
573,Yolanda,Davis,ydavis34@ise558.com,2020-05-20,,
574,Todd,Reyes,treyes972@ise558.com,2017-01-18,,
575,Mary,Weber,mweber886@ise558.com,2015-11-08,2016-11-07,2019-11-07
576,Erica,Curry,ecurry618@ise558.com,2018-11-29,2019-11-29,
577,Aaron,Reed,areed10@ise558.com,2019-10-01,,
578,Jeffrey,Rogers,jrogers905@ise558.com,2018-08-26,2020-08-25,
579,Jamie,Hester,jhester84@ise558.com,2017-02-23,2019-02-23,
580,Yesenia,Adams,yadams628@ise558.com,2015-07-23,2017-07-22,2019-07-22
581,James,George,jgeorge126@ise558.com,2019-02-07,,
582,Darrell,Torres,dtorres665@ise558.com,2017-08-18,2018-08-18,
583,Tonya,Pearson,tpearson453@ise558.com,2017-04-19,,
584,Sylvia,Mckenzie,smckenzie802@ise558.com,2020-05-31,,
585,Dylan,Kelley,dkelley216@ise558.com,2016-10-27,2018-10-27,
586,Sandy,Stevens,sstevens185@ise558.com,2019-04-01,2020-03-31,
587,William,Hernandez,whernandez524@ise558.com,2017-05-13,,
588,Jeffrey,Garrett,jgarrett459@ise558.com,2017-04-28,2019-04-28,
589,Jean,Downs,jdowns750@ise558.com,2020-04-13,,
590,Jacqueline,Salazar,jsalazar579@ise558.com,2016-07-09,2017-07-09,2019-07-09
591,Beth,Thomas,bthomas622@ise558.com,2019-04-22,,
592,Kayla,Martin,kmartin692@ise558.com,2020-06-01,,
593,Brian,Kelley,bkelley314@ise558.com,2019-04-12,,
594,Jessica,Carter,jcarter422@ise558.com,2015-07-24,2017-07-23,
595,Dennis,Edwards,dedwards55@ise558.com,2015-09-12,2016-09-11,2019-09-11
596,Theresa,Smith,tsmith901@ise558.com,2015-02-02,2017-02-01,2020-02-01
597,Deborah,Nelson,dnelson792@ise558.com,2020-01-22,,
598,Cynthia,Bartlett,cbartlett654@ise558.com,2020-02-02,,
599,Eric,Lara,elara469@ise558.com,2017-03-08,2019-03-08,
600,Angela,Robinson,arobinson176@ise558.com,2018-10-26,2019-10-26,
601,John,Williams,jwilliams120@ise558.com,2019-11-20,,
602,Frank,Barron,fbarron133@ise558.com,2016-07-12,2018-07-12,2020-07-11
603,James,Miller,jmiller621@ise558.com,2015-10-25,,
604,Shaun,Hernandez,shernandez86@ise558.com,2018-09-28,2019-09-28,
605,Sheryl,Evans,sevans803@ise558.com,2019-06-11,,
606,Julie,Garza,jgarza27@ise558.com,2019-09-07,,
607,Charles,Smith,csmith666@ise558.com,2015-01-07,,
608,Richard,Gonzalez,rgonzalez751@ise558.com,2018-04-24,,
609,Jennifer,Lewis,jlewis907@ise558.com,2020-09-26,,
610,Jessica,Hill,jhill102@ise558.com,2019-12-03,,
611,Karen,Rowe,krowe639@ise558.com,2019-02-28,,
612,Jay,Marshall,jmarshall761@ise558.com,2018-09-08,2020-09-07,
613,Danielle,Downs,ddowns35@ise558.com,2017-08-07,2018-08-07,2020-08-06
614,Michael,Ferrell,mferrell107@ise558.com,2020-08-07,,
615,Lauren,Fernandez,lfernandez404@ise558.com,2017-03-11,2019-03-11,
616,Nicole,Baker,nbaker72@ise558.com,2017-05-31,,
617,Christina,York,cyork856@ise558.com,2015-12-08,2017-12-07,2020-12-06
618,Anna,Alvarado,aalvarado531@ise558.com,2020-06-28,,
619,Amber,Leonard,aleonard937@ise558.com,2016-05-04,,
620,Christina,Watkins,cwatkins104@ise558.com,2019-08-30,,
621,Teresa,Grant,tgrant538@ise558.com,2020-10-13,,
622,Elizabeth,Frazier,efrazier614@ise558.com,2015-09-23,2017-09-22,2020-09-21
623,Ashlee,Rowland,arowland383@ise558.com,2020-11-23,,
624,David,Anderson,danderson598@ise558.com,2015-04-12,2017-04-11,
625,Jeff,Woods,jwoods978@ise558.com,2017-08-17,2019-08-17,
626,Jessica,Anderson,janderson859@ise558.com,2019-12-07,2020-12-06,
627,Juan,Barnes,jbarnes993@ise558.com,2017-09-15,2018-09-15,2020-09-14
628,Justin,Lopez,jlopez115@ise558.com,2018-11-19,2020-11-18,
629,Karen,Randolph,krandolph981@ise558.com,2015-11-21,2016-11-20,2018-11-20
630,Lisa,Tran,ltran657@ise558.com,2018-03-23,2019-03-23,
631,Joseph,Coleman,jcoleman810@ise558.com,2015-09-15,,
632,Christy,Stout,cstout919@ise558.com,2018-09-01,2019-09-01,
633,Tonya,Archer,tarcher306@ise558.com,2020-09-29,,
634,Kenneth,Trujillo,ktrujillo727@ise558.com,2018-12-28,2019-12-28,
635,Jill,May,jmay911@ise558.com,2017-12-02,2019-12-02,
636,George,Sexton,gsexton322@ise558.com,2020-11-16,,
637,Jacqueline,Walker,jwalker331@ise558.com,2018-10-26,2020-10-25,
638,Oscar,Chavez,ochavez318@ise558.com,2019-02-24,,
639,Katherine,Cooper,kcooper272@ise558.com,2016-06-22,2017-06-22,2019-06-22
640,Lance,Lewis,llewis478@ise558.com,2019-09-06,,
641,Matthew,Chambers,mchambers422@ise558.com,2018-02-14,2019-02-14,
642,Alexandria,Rios,arios57@ise558.com,2018-11-15,2019-11-15,
643,Sharon,Johnson,sjohnson504@ise558.com,2020-12-28,,
644,Sarah,Davidson,sdavidson813@ise558.com,2016-03-17,2018-03-17,
645,Tracy,Romero,tromero232@ise558.com,2017-12-03,2019-12-03,
646,Joshua,Hicks,jhicks857@ise558.com,2019-12-01,2020-11-30,
647,Molly,Macias,mmacias1@ise558.com,2020-09-12,,
648,Timothy,Johnson,tjohnson191@ise558.com,2019-12-07,2020-12-06,
649,Michael,Rose,mrose122@ise558.com,2016-03-11,2018-03-11,
650,Bethany,Rice,brice788@ise558.com,2015-09-13,2016-09-12,
651,Neil,Ball,nball558@ise558.com,2018-08-20,2020-08-19,
652,Julia,Hayes,jhayes807@ise558.com,2015-12-06,2017-12-05,2020-12-04
653,Jennifer,Barr,jbarr233@ise558.com,2020-10-12,,
654,Adam,Johnson,ajohnson723@ise558.com,2017-06-19,,
655,Eric,Lawrence,elawrence149@ise558.com,2020-10-28,,
656,Stephen,Harvey,sharvey455@ise558.com,2020-05-24,,
657,Gregory,Golden,ggolden97@ise558.com,2015-03-05,2017-03-04,2020-03-03
658,Bryan,Clark,bclark887@ise558.com,2017-10-25,2019-10-25,
659,Matthew,Ramirez,mramirez786@ise558.com,2015-04-15,,
660,Justin,Parker,jparker242@ise558.com,2016-05-18,2017-05-18,
661,David,Baker,dbaker573@ise558.com,2015-11-04,2016-11-03,2019-11-03
662,Rebecca,Martinez,rmartinez113@ise558.com,2017-01-18,2019-01-18,
663,David,Cochran,dcochran444@ise558.com,2018-05-27,,
664,Arthur,Jenkins,ajenkins991@ise558.com,2019-12-12,,
665,Trevor,Lynch,tlynch685@ise558.com,2015-12-25,2017-12-24,
666,Alexander,Robinson,arobinson705@ise558.com,2020-01-09,,
667,Jocelyn,Trujillo,jtrujillo334@ise558.com,2019-05-03,,
668,Sara,Riley,sriley169@ise558.com,2020-09-07,,
669,Cheryl,Castillo,ccastillo249@ise558.com,2016-07-26,2018-07-26,2020-07-25
670,Alyssa,Ruiz,aruiz309@ise558.com,2019-11-25,2020-11-24,
671,Julie,Smith,jsmith763@ise558.com,2016-10-05,2017-10-05,
672,Andrea,Potter,apotter118@ise558.com,2015-02-28,,
673,William,Anderson,wanderson233@ise558.com,2016-03-19,2018-03-19,
674,Nicole,Powers,npowers353@ise558.com,2016-09-28,2017-09-28,
675,Isaac,Campbell,icampbell667@ise558.com,2020-05-29,,
676,Jeremy,Patel,jpatel458@ise558.com,2017-07-31,,
677,Manuel,Yoder,myoder546@ise558.com,2015-02-13,2017-02-12,2020-02-12
678,Zachary,Bailey,zbailey103@ise558.com,2019-07-31,2020-07-30,
679,Joseph,Reynolds,jreynolds360@ise558.com,2020-03-04,,
680,Regina,Rush,rrush576@ise558.com,2017-01-04,2019-01-04,
681,Lori,Nelson,lnelson741@ise558.com,2016-07-02,2018-07-02,
682,Gary,Gray,ggray154@ise558.com,2017-10-09,2019-10-09,
683,Timothy,Mitchell,tmitchell499@ise558.com,2015-09-22,2016-09-21,2018-09-21
684,Emily,Robles,erobles414@ise558.com,2017-05-15,2019-05-15,
685,Matthew,Woods,mwoods421@ise558.com,2018-09-29,2019-09-29,
686,Lisa,Marshall,lmarshall857@ise558.com,2020-04-28,,
687,Robert,Villarreal,rvillarreal775@ise558.com,2017-02-03,2018-02-03,
688,Nicholas,Robinson,nrobinson749@ise558.com,2019-06-16,2020-06-15,
689,Robert,Rodriguez,rrodriguez522@ise558.com,2017-02-11,2018-02-11,2020-02-11
690,Kristin,Gonzales,kgonzales960@ise558.com,2015-07-29,,
691,Matthew,Phillips,mphillips836@ise558.com,2017-06-03,2019-06-03,
692,Erin,Stephenson,estephenson794@ise558.com,2016-05-29,,
693,Jason,Rodriguez,jrodriguez757@ise558.com,2017-08-04,2018-08-04,2020-08-03
694,Pamela,Cooper,pcooper635@ise558.com,2019-09-10,,
695,Barbara,Hickman,bhickman536@ise558.com,2017-01-28,2018-01-28,
696,Brandon,Hendrix,bhendrix905@ise558.com,2019-01-17,2020-01-17,
697,William,Bell,wbell906@ise558.com,2016-11-19,,
698,Andrew,Coleman,acoleman689@ise558.com,2017-10-11,2018-10-11,2020-10-10
699,Alexander,Byrd,abyrd886@ise558.com,2019-07-28,,
700,Melissa,Peck,mpeck593@ise558.com,2015-04-27,2017-04-26,
701,Gloria,Glover,gglover779@ise558.com,2016-05-18,2017-05-18,2020-05-17
702,Suzanne,Perry,sperry258@ise558.com,2020-03-05,,
703,Stephanie,Day,sday355@ise558.com,2018-06-12,2020-06-11,
704,Daniel,Beltran,dbeltran46@ise558.com,2018-07-14,,
705,Pamela,Hunt,phunt431@ise558.com,2016-09-02,,
706,Matthew,Long,mlong45@ise558.com,2016-04-08,2017-04-08,2019-04-08
707,Sean,Ruiz,sruiz436@ise558.com,2019-10-13,,
708,David,Thomas,dthomas888@ise558.com,2019-04-09,,
709,Pamela,Vasquez,pvasquez331@ise558.com,2018-09-26,2019-09-26,
710,Tyler,Smith,tsmith25@ise558.com,2019-05-12,,
711,Ashley,Park,apark945@ise558.com,2018-07-19,2019-07-19,
712,Kenneth,Moore,kmoore157@ise558.com,2020-08-06,,
713,Bethany,Ryan,bryan55@ise558.com,2019-05-15,2020-05-14,
714,Robert,Sanchez,rsanchez496@ise558.com,2017-05-14,2019-05-14,
715,Jonathan,Daniels,jdaniels314@ise558.com,2015-01-03,,
716,Donna,Bernard,dbernard398@ise558.com,2017-06-24,2019-06-24,
717,Wayne,Nelson,wnelson468@ise558.com,2019-09-22,2020-09-21,
718,Nathan,Watson,nwatson796@ise558.com,2018-10-20,2020-10-19,
719,Lucas,Murray,lmurray352@ise558.com,2015-10-12,,
720,Jennifer,Garcia,jgarcia93@ise558.com,2016-12-02,2018-12-02,2020-12-01
721,Denise,Lewis,dlewis418@ise558.com,2015-11-22,2016-11-21,2019-11-21
722,Alicia,Lopez,alopez425@ise558.com,2017-11-16,2018-11-16,
723,Anthony,Moore,amoore637@ise558.com,2019-12-15,,
724,Alejandro,Bennett,abennett200@ise558.com,2019-02-28,,
725,Marcus,Nguyen,mnguyen36@ise558.com,2020-04-15,,
726,Kyle,Forbes,kforbes860@ise558.com,2016-09-24,,
727,Cynthia,Fischer,cfischer117@ise558.com,2015-02-13,2017-02-12,2019-02-12
728,Michael,Martinez,mmartinez424@ise558.com,2015-10-23,2016-10-22,2019-10-22
729,Jeremy,Rodriguez,jrodriguez556@ise558.com,2018-05-14,2020-05-13,
730,Luke,Johnson,ljohnson468@ise558.com,2017-11-22,2018-11-22,2020-11-21
731,Randy,Guzman,rguzman603@ise558.com,2017-07-10,2019-07-10,
732,Cassandra,White,cwhite485@ise558.com,2017-02-10,2018-02-10,
733,Jermaine,Rivera,jrivera283@ise558.com,2016-03-28,2018-03-28,2020-03-27
734,Bailey,Bell,bbell602@ise558.com,2020-09-03,,
735,Jeremy,Abbott,jabbott585@ise558.com,2018-08-02,2019-08-02,
736,Rodney,Ingram,ringram149@ise558.com,2017-09-21,2019-09-21,
737,Andre,Barnett,abarnett797@ise558.com,2016-05-22,2018-05-22,
738,Judy,Hayes,jhayes563@ise558.com,2018-02-25,2020-02-25,
739,Valerie,Lane,vlane613@ise558.com,2015-04-27,2016-04-26,2019-04-26
740,Tracey,Moore,tmoore232@ise558.com,2016-03-20,2018-03-20,2020-03-19
741,David,Long,dlong955@ise558.com,2020-03-18,,
742,Jackie,Stephens,jstephens689@ise558.com,2017-01-09,2019-01-09,
743,Patrick,Thomas,pthomas339@ise558.com,2019-11-07,2020-11-06,
744,James,Stuart,jstuart310@ise558.com,2017-01-29,,
745,Julia,Pittman,jpittman706@ise558.com,2018-11-25,2020-11-24,
746,Theodore,Pham,tpham233@ise558.com,2017-12-29,,
747,Roberto,Gross,rgross738@ise558.com,2016-04-13,2018-04-13,
748,Carolyn,Brown,cbrown607@ise558.com,2019-11-09,,
749,Laura,Lewis,llewis525@ise558.com,2018-06-18,,
750,Sean,Barber,sbarber933@ise558.com,2018-09-12,2020-09-11,
751,Maureen,Wiley,mwiley70@ise558.com,2016-10-28,2018-10-28,
752,Alexander,Ramirez,aramirez347@ise558.com,2018-01-08,2020-01-08,
753,Jacob,Kim,jkim764@ise558.com,2015-08-01,2017-07-31,2019-07-31
754,Sabrina,Dennis,sdennis62@ise558.com,2016-07-03,2017-07-03,2019-07-03
755,Steven,Hoffman,shoffman795@ise558.com,2015-09-13,,
756,Shaun,Perkins,sperkins181@ise558.com,2020-05-29,,
757,Trevor,Davenport,tdavenport229@ise558.com,2020-12-29,,
758,Allen,Salazar,asalazar109@ise558.com,2015-07-08,2017-07-07,2020-07-06
759,Lisa,Lewis,llewis474@ise558.com,2019-10-05,,
760,Catherine,Rivera,crivera15@ise558.com,2017-07-26,2019-07-26,
761,Lee,Peterson,lpeterson496@ise558.com,2020-10-06,,
762,Carla,Diaz,cdiaz729@ise558.com,2020-03-12,,
763,William,Knox,wknox950@ise558.com,2018-10-03,,
764,Frederick,Gonzalez,fgonzalez245@ise558.com,2019-10-06,,
765,Rachel,White,rwhite379@ise558.com,2019-12-05,,
766,Kathryn,Holder,kholder858@ise558.com,2015-12-22,2016-12-21,
767,Benjamin,Vega,bvega326@ise558.com,2018-09-30,2020-09-29,
768,Penny,Pruitt,ppruitt302@ise558.com,2016-08-21,2018-08-21,
769,Judy,Whitehead,jwhitehead989@ise558.com,2018-10-25,,
770,Stephen,Smith,ssmith792@ise558.com,2018-03-02,2020-03-01,
771,Lisa,Rose,lrose529@ise558.com,2015-09-28,2016-09-27,
772,Kristina,Ball,kball569@ise558.com,2020-12-30,,
773,Robert,Hopkins,rhopkins620@ise558.com,2019-09-10,2020-09-09,
774,Lisa,Patel,lpatel358@ise558.com,2018-09-16,2020-09-15,
775,David,Richardson,drichardson439@ise558.com,2017-11-03,2019-11-03,
776,Susan,Morales,smorales353@ise558.com,2019-07-30,2020-07-29,
777,Robert,Schneider,rschneider976@ise558.com,2016-04-20,2018-04-20,
778,Tina,Potts,tpotts267@ise558.com,2020-09-17,,
779,Adam,Bruce,abruce832@ise558.com,2020-12-15,,
780,Michael,Martin,mmartin44@ise558.com,2018-02-15,2020-02-15,
781,Gary,Williams,gwilliams984@ise558.com,2020-12-28,,
782,Donna,Murphy,dmurphy870@ise558.com,2018-08-05,2020-08-04,
783,Mandy,Petersen,mpetersen604@ise558.com,2020-04-02,,
784,Edward,Williams,ewilliams592@ise558.com,2017-07-23,,
785,Jill,Richards,jrichards79@ise558.com,2019-12-24,,
786,Scott,Barry,sbarry450@ise558.com,2019-10-20,,
787,Ivan,Hubbard,ihubbard967@ise558.com,2019-03-03,,
788,Rita,Miller,rmiller231@ise558.com,2020-07-27,,
789,Dennis,Berry,dberry999@ise558.com,2015-10-22,2017-10-21,2019-10-21
790,Amber,Brown,abrown942@ise558.com,2016-07-10,,
791,Diana,Henderson,dhenderson622@ise558.com,2018-01-08,2020-01-08,
792,Leslie,Hill,lhill354@ise558.com,2016-11-02,,
793,Carl,Chang,cchang480@ise558.com,2016-04-04,2018-04-04,
794,Christopher,Johnson,cjohnson919@ise558.com,2015-06-01,2016-05-31,2019-05-31
795,Jose,Roberts,jroberts457@ise558.com,2020-08-09,,
796,Gary,Powell,gpowell214@ise558.com,2020-05-09,,
797,Holly,Mason,hmason72@ise558.com,2018-12-24,2020-12-23,
798,Joseph,Stein,jstein763@ise558.com,2020-10-14,,
799,Vincent,Kelley,vkelley418@ise558.com,2015-03-09,,
800,Cindy,Miller,cmiller542@ise558.com,2015-09-30,2017-09-29,
801,Brenda,Higgins,bhiggins704@ise558.com,2016-06-20,2018-06-20,2020-06-19
802,Amy,Jackson,ajackson845@ise558.com,2019-12-14,2020-12-13,
803,Scott,Baker,sbaker66@ise558.com,2016-09-29,2018-09-29,
804,Christina,Frazier,cfrazier307@ise558.com,2018-07-16,2020-07-15,
805,Phillip,Wagner,pwagner796@ise558.com,2019-07-20,2020-07-19,
806,Brian,Scott,bscott745@ise558.com,2018-04-04,2020-04-03,
807,Maria,Bates,mbates45@ise558.com,2019-09-22,,
808,Robert,Montgomery,rmontgomery124@ise558.com,2020-09-14,,
809,Jonathan,Wilson,jwilson860@ise558.com,2015-07-30,2017-07-29,2019-07-29
810,Jasmine,Wong,jwong192@ise558.com,2018-10-07,,
811,Leslie,Colon,lcolon899@ise558.com,2020-01-07,,
812,Steve,Moyer,smoyer593@ise558.com,2018-01-02,,
813,George,Dawson,gdawson66@ise558.com,2017-11-03,,
814,Henry,Gibson,hgibson503@ise558.com,2019-09-21,,
815,Melissa,Maxwell,mmaxwell362@ise558.com,2020-04-27,,
816,Phyllis,Valdez,pvaldez376@ise558.com,2019-10-14,,
817,Lindsay,Larsen,llarsen293@ise558.com,2017-02-20,,
818,Russell,Wallace,rwallace155@ise558.com,2016-01-25,2017-01-24,
819,Andrew,Perez,aperez465@ise558.com,2019-08-19,,
820,Roy,Wheeler,rwheeler142@ise558.com,2018-10-10,,
821,Lisa,Fuller,lfuller680@ise558.com,2016-12-30,2018-12-30,2020-12-29
822,Jeremy,Santos,jsantos226@ise558.com,2015-06-18,2017-06-17,2019-06-17
823,Kenneth,Drake,kdrake451@ise558.com,2015-03-22,2016-03-21,2018-03-21
824,Tony,Hopkins,thopkins469@ise558.com,2017-08-22,2019-08-22,
825,Katherine,Moore,kmoore523@ise558.com,2019-11-27,2020-11-26,
826,Bethany,Young,byoung609@ise558.com,2016-07-04,2018-07-04,
827,Thomas,Contreras,tcontreras892@ise558.com,2015-11-01,2016-10-31,
828,Danielle,Patel,dpatel710@ise558.com,2018-06-17,,
829,Belinda,Barker,bbarker625@ise558.com,2018-07-14,,
830,Sara,Banks,sbanks670@ise558.com,2017-01-14,2019-01-14,
831,Alexander,Perkins,aperkins422@ise558.com,2020-10-21,,
832,Desiree,Castillo,dcastillo590@ise558.com,2015-12-14,2017-12-13,2019-12-13
833,John,Harrison,jharrison957@ise558.com,2019-12-01,,
834,Terri,Jimenez,tjimenez564@ise558.com,2015-08-28,2016-08-27,
835,David,Osborne,dosborne360@ise558.com,2020-04-06,,
836,Brittany,Levy,blevy293@ise558.com,2015-07-23,2017-07-22,2019-07-22
837,Lisa,Miller,lmiller846@ise558.com,2017-06-17,2019-06-17,
838,Louis,Reed,lreed596@ise558.com,2016-09-01,2018-09-01,2020-08-31
839,Samantha,Walker,swalker681@ise558.com,2016-12-03,2018-12-03,2020-12-02
840,Brian,Woods,bwoods53@ise558.com,2018-09-07,2019-09-07,
841,Stephen,Smith,ssmith469@ise558.com,2017-03-27,2018-03-27,
842,Kaitlyn,Moore,kmoore938@ise558.com,2016-09-17,2017-09-17,2019-09-17
843,Frank,Solis,fsolis200@ise558.com,2018-02-19,2020-02-19,
844,Robert,Nichols,rnichols310@ise558.com,2015-01-04,2017-01-03,
845,Lauren,Booker,lbooker896@ise558.com,2017-09-19,2019-09-19,
846,Christina,Sullivan,csullivan344@ise558.com,2016-05-15,2018-05-15,2020-05-14
847,Jeanette,Patterson,jpatterson484@ise558.com,2016-02-04,2018-02-03,
848,Jack,Smith,jsmith262@ise558.com,2016-06-26,,
849,Tracy,Spears,tspears237@ise558.com,2020-06-18,,
850,William,Mclaughlin,wmclaughlin380@ise558.com,2016-06-22,2017-06-22,2019-06-22
851,Jessica,Flores,jflores247@ise558.com,2017-02-22,2018-02-22,
852,Susan,Castro,scastro740@ise558.com,2019-09-23,2020-09-22,
853,Lori,Olson,lolson301@ise558.com,2017-10-11,2019-10-11,
854,Ian,Holmes,iholmes658@ise558.com,2015-03-13,2017-03-12,2019-03-12
855,Christine,Willis,cwillis771@ise558.com,2015-04-01,2017-03-31,2019-03-31
856,Heather,Franco,hfranco722@ise558.com,2019-09-24,,
857,Michael,Bradford,mbradford787@ise558.com,2016-05-24,2018-05-24,2020-05-23
858,Donna,King,dking437@ise558.com,2018-04-11,2019-04-11,
859,Kristine,Sullivan,ksullivan755@ise558.com,2019-02-02,,
860,Eric,Harris,eharris719@ise558.com,2019-05-04,,
861,Heather,Rogers,hrogers237@ise558.com,2019-11-14,2020-11-13,
862,Michael,White,mwhite687@ise558.com,2020-02-28,,
863,Chad,Cook,ccook805@ise558.com,2020-10-07,,
864,Jonathan,Copeland,jcopeland968@ise558.com,2017-01-09,2019-01-09,
865,Shawn,Lozano,slozano504@ise558.com,2017-12-15,2018-12-15,
866,Jessica,Turner,jturner640@ise558.com,2017-11-12,2018-11-12,
867,Erika,Garcia,egarcia951@ise558.com,2016-09-04,2017-09-04,2019-09-04
868,Debra,Cooper,dcooper51@ise558.com,2018-03-13,2020-03-12,
869,Melissa,Powell,mpowell43@ise558.com,2020-12-17,,
870,Steven,Thomas,sthomas56@ise558.com,2018-12-01,2020-11-30,
871,Kim,Aguilar,kaguilar13@ise558.com,2015-07-18,2017-07-17,2020-07-16
872,Raymond,Keller,rkeller947@ise558.com,2020-05-16,,
873,Christopher,Pratt,cpratt904@ise558.com,2018-03-24,,
874,Leah,Brown,lbrown892@ise558.com,2019-10-13,,
875,Michelle,Castro,mcastro219@ise558.com,2017-07-06,2018-07-06,
876,Heather,Meyers,hmeyers847@ise558.com,2017-04-27,2018-04-27,2020-04-26
877,Joy,Nunez,jnunez791@ise558.com,2018-01-15,2019-01-15,
878,Erik,Mccoy,emccoy590@ise558.com,2019-10-27,2020-10-26,
879,Mary,Warren,mwarren741@ise558.com,2020-05-15,,
880,Jacob,Joseph,jjoseph335@ise558.com,2020-01-20,,
881,Debra,Reynolds,dreynolds439@ise558.com,2018-08-21,2019-08-21,
882,Karen,Hampton,khampton966@ise558.com,2018-07-03,2020-07-02,
883,Ashlee,Ross,aross7@ise558.com,2015-07-06,2017-07-05,2019-07-05
884,Robert,Dillon,rdillon792@ise558.com,2020-07-05,,
885,Tracey,Farmer,tfarmer927@ise558.com,2015-05-14,2016-05-13,2019-05-13
886,Jesse,Owens,jowens334@ise558.com,2017-10-29,2018-10-29,2020-10-28
887,Erika,Cooke,ecooke79@ise558.com,2015-09-26,2016-09-25,2018-09-25
888,David,Mcclain,dmcclain700@ise558.com,2015-08-16,2017-08-15,2019-08-15
889,Lauren,Luna,lluna360@ise558.com,2018-01-25,2020-01-25,
890,Kendra,Clark,kclark993@ise558.com,2017-08-29,2018-08-29,2020-08-28
891,Tammy,Freeman,tfreeman460@ise558.com,2016-01-31,,
892,Isaac,Scott,iscott245@ise558.com,2016-01-13,2018-01-12,
893,Helen,Wilson,hwilson19@ise558.com,2020-08-17,,
894,Rachel,Small,rsmall530@ise558.com,2017-04-13,2018-04-13,
895,William,Gonzalez,wgonzalez980@ise558.com,2016-10-13,2018-10-13,
896,John,Williams,jwilliams381@ise558.com,2016-06-27,,
897,John,Martinez,jmartinez167@ise558.com,2019-09-02,2020-09-01,
898,Darius,Mejia,dmejia94@ise558.com,2018-09-14,2020-09-13,
899,Brian,Johnson,bjohnson398@ise558.com,2016-02-08,2017-02-07,
900,Ethan,Smith,esmith389@ise558.com,2019-05-26,2020-05-25,
901,Joy,Baldwin,jbaldwin187@ise558.com,2017-11-06,2019-11-06,
902,Erica,Ross,eross990@ise558.com,2020-10-18,,
903,Joshua,Davila,jdavila350@ise558.com,2020-04-13,,
904,Cesar,Horn,chorn520@ise558.com,2016-11-06,2017-11-06,2019-11-06
905,Matthew,Crawford,mcrawford67@ise558.com,2019-03-21,,
906,Tracy,Morris,tmorris341@ise558.com,2020-11-06,,
907,Sarah,Baker,sbaker199@ise558.com,2019-07-27,,
908,Brittany,Duffy,bduffy365@ise558.com,2015-08-10,2017-08-09,
909,Michael,Williams,mwilliams639@ise558.com,2015-09-07,2016-09-06,2018-09-06
910,Allen,Walker,awalker305@ise558.com,2018-09-03,2019-09-03,
911,Timothy,Dickson,tdickson432@ise558.com,2018-05-10,2020-05-09,
912,Taylor,White,twhite729@ise558.com,2017-10-29,2019-10-29,
913,Monica,Douglas,mdouglas877@ise558.com,2019-04-12,,
914,Gregory,Mcdowell,gmcdowell551@ise558.com,2016-12-18,,
915,Jennifer,Stafford,jstafford174@ise558.com,2015-01-21,2016-01-21,2019-01-20
916,Jerry,Hodge,jhodge431@ise558.com,2019-05-15,,
917,Joseph,Price,jprice715@ise558.com,2019-01-19,,
918,Jessica,Hudson,jhudson287@ise558.com,2015-10-13,2017-10-12,2020-10-11
919,Anna,Jackson,ajackson47@ise558.com,2017-09-27,2018-09-27,
920,Barbara,Thompson,bthompson841@ise558.com,2015-09-09,2017-09-08,2019-09-08
921,Antonio,Lawson,alawson941@ise558.com,2020-01-20,,
922,Scott,Lopez,slopez508@ise558.com,2016-07-10,2017-07-10,2019-07-10
923,Allison,Livingston,alivingston722@ise558.com,2016-02-12,2017-02-11,2020-02-11
924,Zachary,Campbell,zcampbell263@ise558.com,2020-05-05,,
925,Jonathan,Rowe,jrowe175@ise558.com,2019-12-25,2020-12-24,
926,Brenda,Murray,bmurray824@ise558.com,2015-09-29,2017-09-28,2019-09-28
927,Russell,Welch,rwelch306@ise558.com,2015-05-09,2016-05-08,2019-05-08
928,Daniel,Williams,dwilliams325@ise558.com,2019-08-20,2020-08-19,
929,Christine,Young,cyoung827@ise558.com,2020-01-01,,
930,Jamie,Baker,jbaker659@ise558.com,2020-11-20,,
931,Makayla,Garcia,mgarcia873@ise558.com,2016-10-01,2018-10-01,2020-09-30
932,Courtney,Morales,cmorales979@ise558.com,2015-08-07,2017-08-06,2019-08-06
933,Ashley,Mathis,amathis731@ise558.com,2018-07-21,2020-07-20,
934,Candice,Martinez,cmartinez786@ise558.com,2015-06-13,2016-06-12,2018-06-12
935,Louis,York,lyork655@ise558.com,2016-01-26,,
936,Brooke,Patterson,bpatterson531@ise558.com,2020-07-19,,
937,Kevin,Lee,klee105@ise558.com,2016-12-15,2018-12-15,2020-12-14
938,April,Jimenez,ajimenez654@ise558.com,2020-05-18,,
939,Michelle,Jimenez,mjimenez991@ise558.com,2017-08-07,2019-08-07,
940,Keith,Howell,khowell441@ise558.com,2018-08-02,2019-08-02,
941,Nicholas,Simpson,nsimpson634@ise558.com,2018-03-25,2020-03-24,
942,Robert,Coleman,rcoleman199@ise558.com,2020-11-30,,
943,Angela,Griffith,agriffith619@ise558.com,2015-12-05,2017-12-04,2019-12-04
944,Chelsea,Wheeler,cwheeler629@ise558.com,2017-03-09,2018-03-09,2020-03-08
945,Brenda,Solomon,bsolomon66@ise558.com,2020-10-12,,
946,William,Johnson,wjohnson920@ise558.com,2016-05-17,2017-05-17,2020-05-16
947,Joshua,Richards,jrichards58@ise558.com,2020-12-09,,
948,Angela,Hughes,ahughes104@ise558.com,2015-01-04,2016-01-04,2019-01-03
949,Steven,Cook,scook674@ise558.com,2017-06-12,2019-06-12,
950,Laura,Harding,lharding393@ise558.com,2016-12-08,2017-12-08,2020-12-07
951,Laura,Santiago,lsantiago513@ise558.com,2015-10-15,2016-10-14,2018-10-14
952,Autumn,Beasley,abeasley392@ise558.com,2017-04-28,2019-04-28,
953,James,Holland,jholland75@ise558.com,2018-10-29,2019-10-29,
954,Lindsey,Martin,lmartin646@ise558.com,2015-12-07,2016-12-06,2019-12-06
955,Wesley,Howard,whoward507@ise558.com,2019-03-30,,
956,Lucas,Wood,lwood316@ise558.com,2017-03-02,2019-03-02,
957,Daniel,Reed,dreed7@ise558.com,2020-06-16,,
958,Shawn,Matthews,smatthews920@ise558.com,2015-12-27,2016-12-26,2019-12-26
959,Edward,Villanueva,evillanueva213@ise558.com,2019-06-06,,
960,Teresa,Stevens,tstevens648@ise558.com,2017-12-08,2019-12-08,
961,Carrie,Reeves,creeves167@ise558.com,2018-11-19,2019-11-19,
962,Ronald,Murray,rmurray454@ise558.com,2018-02-16,2020-02-16,
963,Eric,Holloway,eholloway924@ise558.com,2019-09-11,,
964,Willie,Elliott,welliott257@ise558.com,2019-02-16,,
965,Tiffany,Dickerson,tdickerson1000@ise558.com,2017-10-07,,
966,Dennis,Sanchez,dsanchez713@ise558.com,2017-11-22,2018-11-22,2020-11-21
967,Joseph,Dominguez,jdominguez133@ise558.com,2017-02-25,2018-02-25,
968,Melanie,Fisher,mfisher806@ise558.com,2016-06-16,2017-06-16,2020-06-15
969,Deborah,Jones,djones302@ise558.com,2020-01-04,,
970,Ann,Wright,awright959@ise558.com,2015-09-21,,
971,Dana,Smith,dsmith281@ise558.com,2018-10-16,2020-10-15,
972,Christopher,Young,cyoung735@ise558.com,2020-10-20,,
973,Cynthia,Phillips,cphillips908@ise558.com,2020-09-16,,
974,Erika,Jones,ejones815@ise558.com,2018-04-23,2019-04-23,
975,Jessica,Nichols,jnichols639@ise558.com,2017-02-10,,
976,Eric,Hicks,ehicks484@ise558.com,2015-04-29,2017-04-28,
977,Donna,Hahn,dhahn450@ise558.com,2018-01-15,2020-01-15,
978,Anita,Nguyen,anguyen980@ise558.com,2019-04-27,,
979,Linda,Butler,lbutler750@ise558.com,2019-02-18,,
980,Kimberly,Thompson,kthompson337@ise558.com,2017-06-25,2019-06-25,
981,Julie,Carr,jcarr142@ise558.com,2015-02-09,,
982,Philip,Cox,pcox353@ise558.com,2016-03-01,,
983,Robin,Hoover,rhoover133@ise558.com,2016-12-05,,
984,Megan,Perry,mperry331@ise558.com,2016-07-26,2018-07-26,2020-07-25
985,Jennifer,Brown,jbrown680@ise558.com,2019-12-13,2020-12-12,
986,Jodi,Randolph,jrandolph763@ise558.com,2018-12-16,2019-12-16,
987,Chelsea,Mitchell,cmitchell147@ise558.com,2019-07-15,,
988,Micheal,Deleon,mdeleon799@ise558.com,2018-10-15,2020-10-14,
989,Matthew,Davis,mdavis382@ise558.com,2018-12-13,2019-12-13,
990,Alexander,Johnson,ajohnson431@ise558.com,2017-01-15,2018-01-15,2020-01-15
991,Jennifer,Hall,jhall74@ise558.com,2017-04-03,2018-04-03,
992,Susan,Oconnor,soconnor986@ise558.com,2015-09-07,2016-09-06,2018-09-06
993,Melissa,Owens,mowens409@ise558.com,2020-06-09,,
994,Jerome,Carson,jcarson748@ise558.com,2015-06-01,,
995,Joshua,Frazier,jfrazier551@ise558.com,2019-02-24,,
996,Steven,Grant,sgrant422@ise558.com,2016-10-30,,
997,Brittany,Martinez,bmartinez577@ise558.com,2015-01-09,2016-01-09,
998,Tiffany,Baker,tbaker346@ise558.com,2019-03-28,,
999,Kim,Moore,kmoore496@ise558.com,2015-09-30,2016-09-29,2019-09-29
1000,James,Garcia,jgarcia518@ise558.com,2018-04-22,2020-04-21,
